506.15976;0.00000
506.52679;0.00000
506.89380;0.00000
507.26074;0.00000
507.62766;0.00000
507.99451;0.00000
508.36133;0.00000
508.72809;0.00000
509.09482;0.00000
509.46152;0.00000
509.82816;0.00000
510.19473;0.00000
510.56128;0.00000
510.92780;0.00000
511.29425;0.00000
511.66068;0.00000
512.02704;0.00000
512.39337;0.00000
512.75964;0.00000
513.12585;0.00000
513.49207;0.00000
513.85822;0.00000
514.22430;0.00000
514.59039;0.00000
514.95636;0.00000
515.32233;0.00000
515.68829;0.00000
516.05414;0.00000
516.41998;0.00000
516.78577;0.00000
517.15149;0.00000
517.51721;0.00000
517.88287;0.00000
518.24847;0.00000
518.61401;0.00000
518.97955;0.00000
519.34503;0.00000
519.71045;0.00000
520.07587;0.00000
520.44122;0.00000
520.80652;0.00000
521.17175;0.00000
521.53699;0.00000
521.90210;0.00000
522.26721;0.00000
522.63232;0.00000
522.99738;0.00000
523.36230;0.00000
523.72729;0.00000
524.09216;0.00000
524.45703;0.00000
524.82184;0.00000
525.18658;0.00000
525.55133;0.00000
525.91595;0.00000
526.28058;0.00000
526.64520;0.00000
527.00970;0.00000
527.37421;0.00000
527.73865;0.00000
528.10309;0.00000
528.46741;0.00000
528.83173;0.00000
529.19604;0.00000
529.56024;0.00000
529.92444;0.00000
530.28857;0.00000
530.65265;0.00000
531.01672;0.00000
531.38068;0.00000
531.74469;0.00000
532.10858;0.00000
532.47247;0.00000
532.83624;0.00000
533.20007;0.00000
533.56378;0.00000
533.92749;0.00000
534.29114;0.00000
534.65472;0.00000
535.01825;0.00000
535.38177;0.00000
535.74524;0.00000
536.10870;0.00000
536.47205;0.00000
536.83539;0.00000
537.19867;0.00000
537.56189;0.00000
537.92511;0.00000
538.28827;0.00000
538.65137;0.00000
539.01447;0.00000
539.37744;0.00000
539.74042;0.00000
540.10339;0.00000
540.46625;0.00000
540.82910;0.00000
541.19189;0.00000
541.55463;0.00000
541.91736;0.00000
542.28003;1.00000
542.64264;1.00000
543.00519;1.00000
543.36774;1.00000
543.73022;1.00000
544.09265;1.00000
544.45508;1.00000
544.81738;1.00000
545.17969;0.00000
545.54199;0.00000
545.90417;0.00000
546.26636;0.00000
546.62848;0.00000
546.99060;0.00000
547.35260;0.00000
547.71460;0.00000
548.07654;0.00000
548.43848;0.00000
548.80029;0.00000
549.16211;0.00000
549.52393;0.00000
549.88562;0.00000
550.24731;0.00000
550.60895;0.00000
550.97052;0.00000
551.33209;0.00000
551.69360;0.00000
552.05505;0.00000
552.41644;0.00000
552.77783;0.00000
553.13916;0.00000
553.50043;0.00000
553.86163;0.00000
554.22284;0.00000
554.58398;0.00000
554.94507;0.00000
555.30615;0.00000
555.66718;0.00000
556.02814;0.00000
556.38904;0.00000
556.74994;0.00000
557.11078;0.00000
557.47156;0.00000
557.83228;0.00000
558.19299;0.00000
558.55365;0.00000
558.91425;0.00000
559.27484;0.00000
559.63531;0.00000
559.99579;0.00000
560.35626;0.00000
560.71661;0.00000
561.07697;0.00000
561.43726;0.00000
561.79755;0.00000
562.15771;0.00000
562.51788;0.00000
562.87799;0.00000
563.23810;0.00000
563.59808;0.00000
563.95807;0.00000
564.31805;0.00000
564.67792;0.00000
565.03778;0.00000
565.39758;0.00000
565.75732;0.00000
566.11707;0.00000
566.47675;0.00000
566.83636;0.00000
567.19592;0.00000
567.55548;0.00000
567.91498;0.00000
568.27441;0.00000
568.63385;0.00000
568.99316;0.00000
569.35248;0.00000
569.71179;0.00000
570.07098;0.00000
570.43018;0.00000
570.78931;0.00000
571.14838;1.00000
571.50745;1.00000
571.86646;1.00000
572.22540;1.00000
572.58429;1.00000
572.94318;1.00000
573.30200;1.00000
573.66077;1.00000
574.01953;1.00000
574.37817;1.00000
574.73688;1.00000
575.09546;1.00000
575.45398;1.00000
575.81250;1.00000
576.17096;1.00000
576.52942;1.00000
576.88776;1.00000
577.24609;1.00000
577.60437;1.00000
577.96265;1.00000
578.32086;1.00000
578.67902;1.00000
579.03711;1.00000
579.39514;1.00000
579.75317;1.00000
580.11115;1.00000
580.46912;1.00000
580.82697;1.00000
581.18481;1.00000
581.54260;1.00000
581.90033;1.00000
582.25806;1.00000
582.61572;1.00000
582.97333;1.00000
583.33093;1.00000
583.68848;1.00000
584.04596;1.00000
584.40338;1.00000
584.76074;1.00000
585.11810;1.00000
585.47540;1.00000
585.83270;1.00000
586.18988;1.00000
586.54706;1.00000
586.90417;1.00000
587.26129;1.00000
587.61829;1.00000
587.97528;1.00000
588.33228;1.00000
588.68915;1.00000
589.04602;1.00000
589.40283;1.00000
589.75958;1.00000
590.11633;1.00000
590.47302;1.00000
590.82965;1.00000
591.18622;1.00000
591.54279;1.00000
591.89929;1.00000
592.25574;0.00000
592.61212;0.00000
592.96851;0.00000
593.32483;0.00000
593.68109;0.00000
594.03735;0.00000
594.39355;0.00000
594.74969;0.00000
595.10577;0.00000
595.46185;0.00000
595.81781;0.00000
596.17383;0.00000
596.52972;0.00000
596.88562;0.00000
597.24146;0.00000
597.59723;0.00000
597.95294;0.00000
598.30865;0.00000
598.66431;0.00000
599.01990;0.00000
599.37549;0.00000
599.73102;0.00000
600.08649;0.00000
600.44189;1.00000
600.79730;1.00000
601.15265;1.00000
601.50793;1.00000
601.86316;1.00000
602.21838;1.00000
602.57355;1.00000
602.92865;1.00000
603.28375;1.00000
603.63873;1.00000
603.99371;1.00000
604.34869;1.00000
604.70355;1.00000
605.05841;1.00000
605.41321;1.00000
605.76801;1.00000
606.12268;1.00000
606.47736;1.00000
606.83197;1.00000
607.18658;1.00000
607.54114;1.00000
607.89563;1.00000
608.25006;1.00000
608.60443;1.00000
608.95880;1.00000
609.31311;1.00000
609.66742;1.00000
610.02161;1.00000
610.37579;1.00000
610.72992;1.00000
611.08405;1.00000
611.43805;1.00000
611.79205;1.00000
612.14600;1.00000
612.49994;1.00000
612.85382;1.00000
613.20764;1.00000
613.56140;1.00000
613.91516;1.00000
614.26880;1.00000
614.62244;1.00000
614.97607;1.00000
615.32959;1.00000
615.68311;1.00000
616.03662;2.00000
616.39001;2.00000
616.74341;2.00000
617.09674;2.00000
617.45001;2.00000
617.80322;2.00000
618.15643;2.00000
618.50958;2.00000
618.86273;2.00000
619.21576;2.00000
619.56879;2.00000
619.92175;2.00000
620.27466;2.00000
620.62756;2.00000
620.98041;2.00000
621.33319;2.00000
621.68597;2.00000
622.03864;2.00000
622.39130;2.00000
622.74396;3.00000
623.09650;3.00000
623.44904;3.00000
623.80151;3.00000
624.15393;3.00000
624.50635;3.00000
624.85870;4.00000
625.21100;4.00000
625.56329;4.00000
625.91547;4.00000
626.26764;4.00000
626.61975;4.00000
626.97186;4.00000
627.32391;5.00000
627.67590;5.00000
628.02783;5.00000
628.37976;5.00000
628.73157;5.00000
629.08337;6.00000
629.43518;6.00000
629.78687;6.00000
630.13855;7.00000
630.49023;7.00000
630.84180;7.00000
631.19336;8.00000
631.54486;8.00000
631.89630;8.00000
632.24768;8.00000
632.59906;8.00000
632.95038;10.00000
633.30170;10.00000
633.65289;10.00000
634.00409;10.00000
634.35522;11.00000
634.70636;11.00000
635.05737;11.00000
635.40839;12.00000
635.75934;12.00000
636.11029;14.00000
636.46118;14.00000
636.81201;14.00000
637.16278;14.00000
637.51349;14.00000
637.86420;14.00000
638.21484;14.00000
638.56549;16.00000
638.91602;16.00000
639.26654;17.00000
639.61700;17.00000
639.96747;17.00000
640.31781;18.00000
640.66815;18.00000
641.01849;18.00000
641.36871;19.00000
641.71893;21.00000
642.06909;21.00000
642.41919;21.00000
642.76929;21.00000
643.11932;23.00000
643.46930;23.00000
643.81921;24.00000
644.16913;24.00000
644.51898;26.00000
644.86877;26.00000
645.21851;26.00000
645.56824;28.00000
645.91791;28.00000
646.26752;28.00000
646.61713;29.00000
646.96661;30.00000
647.31610;30.00000
647.66559;30.00000
648.01495;33.00000
648.36432;33.00000
648.71362;36.00000
649.06293;38.00000
649.41211;41.00000
649.76129;41.00000
650.11047;42.00000
650.45953;42.00000
650.80859;46.00000
651.15759;47.00000
651.50653;48.00000
651.85547;50.00000
652.20428;52.00000
652.55316;53.00000
652.90192;58.00000
653.25067;67.00000
653.59930;67.00000
653.94800;69.00000
654.29657;70.00000
654.64514;78.00000
654.99365;81.00000
655.34210;88.00000
655.69049;89.00000
656.03888;98.00000
656.38721;106.00000
656.73553;114.00000
657.08374;128.00000
657.43195;130.00000
657.78009;139.00000
658.12817;142.00000
658.47626;148.00000
658.82428;159.00000
659.17224;180.00000
659.52020;183.00000
659.86804;189.00000
660.21588;204.00000
660.56372;205.00000
660.91144;215.00000
661.25916;246.00000
661.60681;252.00000
661.95441;254.00000
662.30200;282.00000
662.64954;283.00000
662.99701;288.00000
663.34442;292.00000
663.69183;319.00000
664.03918;333.00000
664.38647;344.00000
664.73376;348.00000
665.08093;356.00000
665.42810;360.00000
665.77527;370.00000
666.12231;375.00000
666.46936;398.00000
666.81635;399.00000
667.16327;402.00000
667.51019;404.00000
667.85706;409.00000
668.20386;413.00000
668.55066;414.00000
668.89734;416.00000
669.24402;418.00000
669.59064;419.00000
669.93726;422.00000
670.28381;424.00000
670.63031;425.00000
670.97675;426.00000
671.32318;428.00000
671.66956;430.00000
672.01587;430.00000
672.36212;430.00000
672.70837;430.00000
673.05457;431.00000
673.40070;431.00000
673.74677;431.00000
674.09283;432.00000
674.43884;432.00000
674.78479;432.00000
675.13074;431.00000
675.47662;430.00000
675.82245;430.00000
676.16821;424.00000
676.51398;418.00000
676.85962;418.00000
677.20532;418.00000
677.55090;418.00000
677.89648;418.00000
678.24200;418.00000
678.58746;420.00000
678.93286;421.00000
679.27826;421.00000
679.62360;422.00000
679.96887;423.00000
680.31415;423.00000
680.65936;423.00000
681.00452;423.00000
681.34961;423.00000
681.69470;423.00000
682.03973;423.00000
682.38470;422.00000
682.72961;421.00000
683.07452;421.00000
683.41937;421.00000
683.76416;421.00000
684.10895;420.00000
684.45367;420.00000
684.79834;418.00000
685.14294;409.00000
685.48755;408.00000
685.83203;408.00000
686.17651;406.00000
686.52100;406.00000
686.86542;406.00000
687.20972;406.00000
687.55408;406.00000
687.89832;406.00000
688.24255;407.00000
688.58673;407.00000
688.93085;408.00000
689.27496;408.00000
689.61896;415.00000
689.96301;416.00000
690.30695;416.00000
690.65082;417.00000
690.99469;418.00000
691.33856;420.00000
691.68231;425.00000
692.02606;427.00000
692.36975;428.00000
692.71338;432.00000
693.05695;432.00000
693.40051;433.00000
693.74402;434.00000
694.08746;434.00000
694.43091;434.00000
694.77429;434.00000
695.11761;434.00000
695.46088;435.00000
695.80414;436.00000
696.14734;436.00000
696.49048;436.00000
696.83356;436.00000
697.17664;436.00000
697.51965;436.00000
697.86261;437.00000
698.20557;442.00000
698.54846;442.00000
698.89130;443.00000
699.23407;444.00000
699.57684;444.00000
699.91949;445.00000
700.26221;446.00000
700.60480;449.00000
700.94739;453.00000
701.28992;458.00000
701.63239;468.00000
701.97479;468.00000
702.31720;472.00000
702.65955;473.00000
703.00183;473.00000
703.34412;474.00000
703.68634;475.00000
704.02850;475.00000
704.37061;476.00000
704.71271;477.00000
705.05475;478.00000
705.39673;485.00000
705.73865;486.00000
706.08057;487.00000
706.42242;487.00000
706.76422;488.00000
707.10596;489.00000
707.44769;490.00000
707.78937;495.00000
708.13104;499.00000
708.47260;502.00000
708.81415;510.00000
709.15564;513.00000
709.49707;514.00000
709.83850;515.00000
710.17987;518.00000
710.52118;519.00000
710.86249;524.00000
711.20367;527.00000
711.54486;528.00000
711.88605;530.00000
712.22711;531.00000
712.56818;534.00000
712.90918;537.00000
713.25012;540.00000
713.59106;551.00000
713.93195;554.00000
714.27277;555.00000
714.61353;556.00000
714.95428;557.00000
715.29498;559.00000
715.63562;561.00000
715.97626;563.00000
716.31677;564.00000
716.65729;564.00000
716.99780;564.00000
717.33820;564.00000
717.67859;564.00000
718.01892;565.00000
718.35919;565.00000
718.69946;565.00000
719.03967;565.00000
719.37982;565.00000
719.71991;565.00000
720.06000;565.00000
720.40002;565.00000
720.73999;565.00000
721.07996;565.00000
721.41986;565.00000
721.75970;565.00000
722.09949;565.00000
722.43927;564.00000
722.77893;564.00000
723.11865;563.00000
723.45825;562.00000
723.79785;559.00000
724.13733;557.00000
724.47687;557.00000
724.81628;557.00000
725.15570;557.00000
725.49506;557.00000
725.83435;556.00000
726.17365;556.00000
726.51282;556.00000
726.85199;556.00000
727.19116;556.00000
727.53021;555.00000
727.86926;554.00000
728.20825;554.00000
728.54724;554.00000
728.88611;554.00000
729.22498;553.00000
729.56384;553.00000
729.90259;553.00000
730.24133;552.00000
730.58002;552.00000
730.91864;551.00000
731.25726;548.00000
731.59583;543.00000
731.93433;535.00000
732.27277;534.00000
732.61121;534.00000
732.94952;534.00000
733.28790;534.00000
733.62616;534.00000
733.96442;534.00000
734.30261;534.00000
734.64075;533.00000
734.97882;532.00000
735.31689;530.00000
735.65491;529.00000
735.99292;529.00000
736.33081;528.00000
736.66870;528.00000
737.00653;527.00000
737.34436;527.00000
737.68207;523.00000
738.01978;522.00000
738.35742;516.00000
738.69507;513.00000
739.03259;513.00000
739.37012;512.00000
739.70764;509.00000
740.04504;509.00000
740.38245;502.00000
740.71979;502.00000
741.05707;501.00000
741.39435;501.00000
741.73157;500.00000
742.06873;500.00000
742.40588;497.00000
742.74292;495.00000
743.07996;495.00000
743.41693;495.00000
743.75391;495.00000
744.09082;495.00000
744.42767;495.00000
744.76447;497.00000
745.10120;498.00000
745.43793;500.00000
745.77460;501.00000
746.11127;503.00000
746.44781;505.00000
746.78436;506.00000
747.12085;512.00000
747.45734;517.00000
747.79376;524.00000
748.13013;529.00000
748.46643;531.00000
748.80267;535.00000
749.13892;543.00000
749.47510;545.00000
749.81122;553.00000
750.14734;558.00000
750.48340;560.00000
750.81940;562.00000
751.15533;564.00000
751.49127;567.00000
751.82715;571.00000
752.16296;573.00000
752.49878;578.00000
752.83447;579.00000
753.17017;580.00000
753.50586;582.00000
753.84143;586.00000
754.17700;587.00000
754.51251;587.00000
754.84796;588.00000
755.18341;589.00000
755.51880;591.00000
755.85413;595.00000
756.18939;597.00000
756.52466;603.00000
756.85986;608.00000
757.19501;609.00000
757.53015;612.00000
757.86523;613.00000
758.20026;613.00000
758.53522;615.00000
758.87012;615.00000
759.20502;616.00000
759.53986;616.00000
759.87469;617.00000
760.20941;618.00000
760.54413;618.00000
760.87878;619.00000
761.21344;619.00000
761.54803;619.00000
761.88257;619.00000
762.21704;619.00000
762.55145;619.00000
762.88586;616.00000
763.22021;616.00000
763.55457;615.00000
763.88879;615.00000
764.22302;615.00000
764.55719;615.00000
764.89136;615.00000
765.22540;615.00000
765.55945;616.00000
765.89343;616.00000
766.22742;616.00000
766.56134;616.00000
766.89520;617.00000
767.22900;617.00000
767.56274;618.00000
767.89648;618.00000
768.23016;619.00000
768.56384;620.00000
768.89740;621.00000
769.23096;623.00000
769.56445;623.00000
769.89795;624.00000
770.23132;625.00000
770.56470;627.00000
770.89807;628.00000
771.23132;629.00000
771.56458;629.00000
771.89777;631.00000
772.23090;631.00000
772.56403;631.00000
772.89709;631.00000
773.23010;629.00000
773.56305;629.00000
773.89600;628.00000
774.22888;627.00000
774.56171;626.00000
774.89447;626.00000
775.22723;626.00000
775.55994;626.00000
775.89258;626.00000
776.22522;626.00000
776.55774;627.00000
776.89032;627.00000
777.22278;627.00000
777.55518;628.00000
777.88757;628.00000
778.21991;628.00000
778.55225;628.00000
778.88452;628.00000
779.21667;628.00000
779.54889;628.00000
779.88098;628.00000
780.21307;627.00000
780.54510;627.00000
780.87708;627.00000
781.20905;626.00000
781.54095;625.00000
781.87280;625.00000
782.20459;624.00000
782.53638;620.00000
782.86804;618.00000
783.19977;618.00000
783.53137;618.00000
783.86298;618.00000
784.19452;618.00000
784.52600;618.00000
784.85742;623.00000
785.18884;625.00000
785.52020;627.00000
785.85156;628.00000
786.18280;628.00000
786.51404;628.00000
786.84521;628.00000
787.17633;628.00000
787.50745;628.00000
787.83850;624.00000
788.16949;624.00000
788.50049;623.00000
788.83136;623.00000
789.16223;623.00000
789.49310;623.00000
789.82385;623.00000
790.15460;623.00000
790.48529;623.00000
790.81592;623.00000
791.14655;624.00000
791.47711;624.00000
791.80762;625.00000
792.13806;626.00000
792.46851;628.00000
792.79889;629.00000
793.12921;630.00000
793.45953;631.00000
793.78973;631.00000
794.11993;632.00000
794.45013;632.00000
794.78021;632.00000
795.11029;632.00000
795.44031;631.00000
795.77032;631.00000
796.10022;631.00000
796.43011;631.00000
796.75995;631.00000
797.08978;630.00000
797.41949;630.00000
797.74921;630.00000
798.07892;631.00000
798.40851;632.00000
798.73810;633.00000
799.06763;633.00000
799.39709;633.00000
799.72656;634.00000
800.05597;635.00000
800.38531;636.00000
800.71460;636.00000
801.04388;636.00000
801.37311;636.00000
801.70227;636.00000
802.03137;637.00000
802.36047;637.00000
802.68951;638.00000
803.01849;639.00000
803.34747;639.00000
803.67639;641.00000
804.00525;644.00000
804.33405;644.00000
804.66284;644.00000
804.99158;644.00000
805.32025;644.00000
805.64886;644.00000
805.97748;644.00000
806.30603;642.00000
806.63452;642.00000
806.96301;642.00000
807.29138;642.00000
807.61975;642.00000
807.94812;642.00000
808.27637;643.00000
808.60461;643.00000
808.93280;644.00000
809.26093;647.00000
809.58905;648.00000
809.91711;649.00000
810.24512;649.00000
810.57312;649.00000
810.90100;651.00000
811.22888;652.00000
811.55670;656.00000
811.88452;665.00000
812.21228;677.00000
812.53998;680.00000
812.86761;686.00000
813.19525;690.00000
813.52283;700.00000
813.85034;705.00000
814.17780;708.00000
814.50525;711.00000
814.83264;714.00000
815.15997;716.00000
815.48724;720.00000
815.81451;722.00000
816.14172;733.00000
816.46887;739.00000
816.79602;741.00000
817.12311;746.00000
817.45013;748.00000
817.77710;750.00000
818.10406;753.00000
818.43097;759.00000
818.75781;761.00000
819.08459;763.00000
819.41138;768.00000
819.73810;770.00000
820.06476;771.00000
820.39142;773.00000
820.71796;775.00000
821.04449;778.00000
821.37103;784.00000
821.69745;789.00000
822.02386;792.00000
822.35022;794.00000
822.67651;796.00000
823.00281;797.00000
823.32904;799.00000
823.65521;804.00000
823.98138;808.00000
824.30743;810.00000
824.63348;816.00000
824.95953;817.00000
825.28546;818.00000
825.61139;821.00000
825.93726;824.00000
826.26306;824.00000
826.58887;826.00000
826.91461;826.00000
827.24030;826.00000
827.56592;826.00000
827.89154;826.00000
828.21710;824.00000
828.54260;817.00000
828.86810;816.00000
829.19348;816.00000
829.51886;816.00000
829.84424;816.00000
830.16949;815.00000
830.49475;809.00000
830.81995;807.00000
831.14508;806.00000
831.47021;799.00000
831.79529;796.00000
832.12030;795.00000
832.44525;782.00000
832.77020;781.00000
833.09509;780.00000
833.41992;780.00000
833.74475;774.00000
834.06952;770.00000
834.39423;769.00000
834.71887;769.00000
835.04346;762.00000
835.36804;756.00000
835.69257;751.00000
836.01709;748.00000
836.34149;748.00000
836.66589;747.00000
836.99023;745.00000
837.31458;740.00000
837.63885;738.00000
837.96307;736.00000
838.28723;736.00000
838.61133;734.00000
838.93542;734.00000
839.25946;729.00000
839.58350;728.00000
839.90741;728.00000
840.23132;727.00000
840.55518;724.00000
840.87903;723.00000
841.20276;722.00000
841.52649;722.00000
841.85016;722.00000
842.17383;722.00000
842.49744;722.00000
842.82098;723.00000
843.14447;724.00000
843.46790;724.00000
843.79132;725.00000
844.11469;725.00000
844.43805;726.00000
844.76129;727.00000
845.08453;727.00000
845.40771;727.00000
845.73090;727.00000
846.05402;727.00000
846.37701;727.00000
846.70007;722.00000
847.02301;722.00000
847.34595;722.00000
847.66882;722.00000
847.99164;722.00000
848.31445;722.00000
848.63721;723.00000
848.95990;723.00000
849.28253;726.00000
849.60516;734.00000
849.92773;740.00000
850.25024;742.00000
850.57269;744.00000
850.89514;746.00000
851.21753;748.00000
851.53986;750.00000
851.86218;752.00000
852.18445;762.00000
852.50665;772.00000
852.82880;777.00000
853.15094;784.00000
853.47302;789.00000
853.79504;797.00000
854.11700;803.00000
854.43896;814.00000
854.76086;821.00000
855.08270;826.00000
855.40448;828.00000
855.72626;834.00000
856.04797;837.00000
856.36969;843.00000
856.69128;845.00000
857.01288;857.00000
857.33441;863.00000
857.65588;874.00000
857.97736;890.00000
858.29877;923.00000
858.62012;932.00000
858.94141;947.00000
859.26270;980.00000
859.58392;1004.00000
859.90509;1014.00000
860.22626;1016.00000
860.54736;1019.00000
860.86841;1021.00000
861.18939;1031.00000
861.51038;1034.00000
861.83124;1041.00000
862.15216;1045.00000
862.47296;1047.00000
862.79376;1050.00000
863.11450;1054.00000
863.43518;1058.00000
863.75580;1061.00000
864.07642;1064.00000
864.39697;1064.00000
864.71747;1067.00000
865.03796;1073.00000
865.35840;1075.00000
865.67877;1076.00000
865.99908;1077.00000
866.31940;1080.00000
866.63959;1084.00000
866.95984;1087.00000
867.27997;1092.00000
867.60010;1097.00000
867.92017;1102.00000
868.24017;1107.00000
868.56012;1110.00000
868.88007;1113.00000
869.19995;1119.00000
869.51978;1121.00000
869.83960;1125.00000
870.15936;1125.00000
870.47906;1125.00000
870.79871;1125.00000
871.11835;1125.00000
871.43793;1125.00000
871.75745;1106.00000
872.07690;1095.00000
872.39636;1094.00000
872.71576;1089.00000
873.03510;1089.00000
873.35443;1086.00000
873.67371;1082.00000
873.99292;1068.00000
874.31207;1001.00000
874.63123;980.00000
874.95026;975.00000
875.26935;946.00000
875.58832;935.00000
875.90729;906.00000
876.22620;895.00000
876.54504;876.00000
876.86383;876.00000
877.18262;860.00000
877.50134;845.00000
877.82001;843.00000
878.13867;812.00000
878.45728;812.00000
878.77582;786.00000
879.09430;780.00000
879.41278;776.00000
879.73114;759.00000
880.04956;748.00000
880.36786;745.00000
880.68616;728.00000
881.00439;719.00000
881.32257;709.00000
881.64069;704.00000
881.95880;670.00000
882.27686;670.00000
882.59485;658.00000
882.91284;648.00000
883.23077;639.00000
883.54865;634.00000
883.86646;633.00000
884.18427;631.00000
884.50201;630.00000
884.81970;628.00000
885.13733;628.00000
885.45496;627.00000
885.77252;623.00000
886.09003;622.00000
886.40753;615.00000
886.72498;614.00000
887.04236;613.00000
887.35968;611.00000
887.67700;604.00000
887.99426;601.00000
888.31146;597.00000
888.62860;588.00000
888.94574;587.00000
889.26282;565.00000
889.57983;562.00000
889.89679;561.00000
890.21375;553.00000
890.53064;548.00000
890.84747;542.00000
891.16431;539.00000
891.48108;534.00000
891.79779;534.00000
892.11444;534.00000
892.43109;534.00000
892.74768;534.00000
893.06421;534.00000
893.38068;534.00000
893.69714;535.00000
894.01355;535.00000
894.32990;536.00000
894.64624;537.00000
894.96246;538.00000
895.27869;539.00000
895.59491;541.00000
895.91101;542.00000
896.22711;543.00000
896.54315;544.00000
896.85919;546.00000
897.17511;549.00000
897.49103;551.00000
897.80688;552.00000
898.12274;553.00000
898.43854;553.00000
898.75427;554.00000
899.06995;555.00000
899.38556;556.00000
899.70117;558.00000
900.01672;571.00000
900.33221;572.00000
900.64771;572.00000
900.96313;572.00000
901.27850;572.00000
901.59381;572.00000
901.90912;572.00000
902.22437;572.00000
902.53955;571.00000
902.85474;566.00000
903.16986;566.00000
903.48492;566.00000
903.79993;565.00000
904.11487;565.00000
904.42981;564.00000
904.74469;563.00000
905.05957;555.00000
905.37433;555.00000
905.68909;554.00000
906.00378;552.00000
906.31848;552.00000
906.63306;550.00000
906.94763;547.00000
907.26221;547.00000
907.57666;542.00000
907.89111;538.00000
908.20551;529.00000
908.51984;528.00000
908.83417;527.00000
909.14844;523.00000
909.46265;522.00000
909.77679;521.00000
910.09094;516.00000
910.40503;514.00000
910.71906;513.00000
911.03302;510.00000
911.34698;505.00000
911.66089;502.00000
911.97473;493.00000
912.28857;489.00000
912.60236;488.00000
912.91608;487.00000
913.22974;487.00000
913.54340;484.00000
913.85699;480.00000
914.17053;477.00000
914.48401;477.00000
914.79749;477.00000
915.11090;477.00000
915.42426;476.00000
915.73755;476.00000
916.05084;476.00000
916.36407;474.00000
916.67725;474.00000
916.99042;474.00000
917.30353;473.00000
917.61658;467.00000
917.92957;458.00000
918.24255;457.00000
918.55548;442.00000
918.86835;439.00000
919.18115;439.00000
919.49396;438.00000
919.80670;437.00000
920.11938;417.00000
920.43207;415.00000
920.74469;400.00000
921.05725;390.00000
921.36975;385.00000
921.68225;372.00000
921.99463;370.00000
922.30707;367.00000
922.61938;364.00000
922.93170;364.00000
923.24390;361.00000
923.55615;360.00000
923.86829;358.00000
924.18042;358.00000
924.49249;358.00000
924.80450;358.00000
925.11652;356.00000
925.42841;355.00000
925.74036;346.00000
926.05219;346.00000
926.36395;340.00000
926.67572;338.00000
926.98743;337.00000
927.29913;337.00000
927.61078;335.00000
927.92236;318.00000
928.23389;318.00000
928.54535;317.00000
928.85681;317.00000
929.16821;305.00000
929.47955;297.00000
929.79089;297.00000
930.10217;297.00000
930.41339;297.00000
930.72455;296.00000
931.03571;295.00000
931.34680;295.00000
931.65784;295.00000
931.96881;295.00000
932.27979;281.00000
932.59070;279.00000
932.90155;272.00000
933.21240;272.00000
933.52319;272.00000
933.83392;272.00000
934.14459;272.00000
934.45520;272.00000
934.76581;274.00000
935.07635;276.00000
935.38690;276.00000
935.69739;279.00000
936.00775;282.00000
936.31818;282.00000
936.62848;282.00000
936.93878;282.00000
937.24902;279.00000
937.55920;279.00000
937.86938;273.00000
938.17944;269.00000
938.48956;269.00000
938.79956;266.00000
939.10956;266.00000
939.41943;265.00000
939.72937;259.00000
940.03918;257.00000
940.34900;256.00000
940.65875;254.00000
940.96844;249.00000
941.27808;248.00000
941.58771;238.00000
941.89728;236.00000
942.20679;234.00000
942.51630;234.00000
942.82574;233.00000
943.13513;233.00000
943.44446;231.00000
943.75378;231.00000
944.06305;225.00000
944.37225;225.00000
944.68140;225.00000
944.99054;215.00000
945.29962;214.00000
945.60864;212.00000
945.91766;210.00000
946.22662;209.00000
946.53552;207.00000
946.84436;205.00000
947.15320;202.00000
947.46198;200.00000
947.77069;197.00000
948.07935;195.00000
948.38800;194.00000
948.69659;193.00000
949.00513;191.00000
949.31360;191.00000
949.62207;190.00000
949.93048;188.00000
950.23883;187.00000
950.54718;184.00000
950.85547;181.00000
951.16370;178.00000
951.47186;178.00000
951.78003;176.00000
952.08813;176.00000
952.39618;174.00000
952.70416;174.00000
953.01215;172.00000
953.32007;170.00000
953.62793;168.00000
953.93579;168.00000
954.24353;166.00000
954.55127;166.00000
954.85901;164.00000
955.16663;163.00000
955.47424;161.00000
955.78180;161.00000
956.08936;160.00000
956.39679;159.00000
956.70422;158.00000
957.01160;157.00000
957.31897;157.00000
957.62628;156.00000
957.93353;154.00000
958.24072;154.00000
958.54785;153.00000
958.85498;152.00000
959.16205;152.00000
959.46906;151.00000
959.77606;150.00000
960.08301;150.00000
960.38989;149.00000
960.69672;148.00000
961.00354;142.00000
961.31030;141.00000
961.61700;140.00000
961.92371;139.00000
962.23035;139.00000
962.53693;138.00000
962.84344;137.00000
963.14990;137.00000
963.45636;136.00000
963.76276;135.00000
964.06915;135.00000
964.37543;135.00000
964.68170;129.00000
964.98792;129.00000
965.29413;129.00000
965.60022;124.00000
965.90631;123.00000
966.21240;123.00000
966.51837;119.00000
966.82434;118.00000
967.13025;118.00000
967.43610;113.00000
967.74194;109.00000
968.04773;108.00000
968.35345;108.00000
968.65912;108.00000
968.96478;108.00000
969.27039;108.00000
969.57593;108.00000
969.88141;108.00000
970.18689;108.00000
970.49231;108.00000
970.79767;103.00000
971.10303;99.00000
971.40833;99.00000
971.71356;99.00000
972.01874;99.00000
972.32391;94.00000
972.62903;94.00000
972.93408;94.00000
973.23907;94.00000
973.54407;90.00000
973.84900;85.00000
974.15387;85.00000
974.45868;85.00000
974.76349;85.00000
975.06824;81.00000
975.37292;81.00000
975.67761;81.00000
975.98224;81.00000
976.28680;77.00000
976.59131;77.00000
976.89581;77.00000
977.20026;77.00000
977.50464;77.00000
977.80896;77.00000
978.11328;77.00000
978.41754;77.00000
978.72174;77.00000
979.02594;73.00000
979.33008;73.00000
979.63416;73.00000
979.93817;73.00000
980.24219;73.00000
980.54608;73.00000
980.85004;74.00000
981.15387;74.00000
981.45770;74.00000
981.76147;74.00000
982.06519;74.00000
982.36884;74.00000
982.67249;74.00000
982.97607;70.00000
983.27960;70.00000
983.58313;70.00000
983.88660;70.00000
984.19000;66.00000
984.49335;66.00000
984.79669;66.00000
985.09991;66.00000
985.40320;66.00000
985.70636;66.00000
986.00952;66.00000
986.31262;66.00000
986.61566;66.00000
986.91864;62.00000
987.22162;62.00000
987.52454;62.00000
987.82739;62.00000
988.13025;62.00000
988.43304;58.00000
988.73578;58.00000
989.03845;58.00000
989.34113;58.00000
989.64374;57.00000
989.94629;57.00000
990.24878;54.00000
990.55127;53.00000
990.85370;49.00000
991.15607;49.00000
991.45844;49.00000
991.76074;49.00000
992.06299;49.00000
992.36517;49.00000
992.66736;49.00000
992.96942;49.00000
993.27155;49.00000
993.57355;45.00000
993.87555;45.00000
994.17749;45.00000
994.47937;45.00000
994.78119;45.00000
995.08301;46.00000
995.38477;46.00000
995.68646;46.00000
995.98816;46.00000
996.28979;46.00000
996.59137;46.00000
996.89288;46.00000
997.19440;46.00000
997.49579;41.00000
997.79724;41.00000
998.09857;36.00000
998.39990;36.00000
998.70117;36.00000
999.00238;36.00000
999.30353;36.00000
999.60468;36.00000
999.90576;37.00000
1000.20685;37.00000
1000.50781;37.00000
1000.80878;37.00000
1001.10968;37.00000
1001.41052;37.00000
1001.71136;32.00000
1002.01215;32.00000
1002.31287;32.00000
1002.61359;32.00000
1002.91418;32.00000
1003.21478;32.00000
1003.51538;32.00000
1003.81586;32.00000
1004.11633;32.00000
1004.41675;32.00000
1004.71710;32.00000
1005.01746;32.00000
1005.31775;32.00000
1005.61798;32.00000
1005.91815;32.00000
1006.21832;33.00000
1006.51843;33.00000
1006.81848;33.00000
1007.11847;33.00000
1007.41846;33.00000
1007.71838;33.00000
1008.01825;27.00000
1008.31812;27.00000
1008.61792;27.00000
1008.91766;27.00000
1009.21735;27.00000
1009.51703;27.00000
1009.81665;27.00000
1010.11621;27.00000
1010.41571;27.00000
1010.71521;27.00000
1011.01465;27.00000
1011.31403;27.00000
1011.61340;27.00000
1011.91272;27.00000
1012.21198;27.00000
1012.51117;27.00000
1012.81030;27.00000
1013.10944;21.00000
1013.40851;21.00000
1013.70758;21.00000
1014.00653;21.00000
1014.30548;21.00000
1014.60443;21.00000
1014.90326;21.00000
1015.20209;21.00000
1015.50085;22.00000
1015.79956;22.00000
1016.09821;22.00000
1016.39685;22.00000
1016.69543;22.00000
1016.99402;22.00000
1017.29248;22.00000
1017.59094;22.00000
1017.88934;22.00000
1018.18774;22.00000
1018.48602;22.00000
1018.78430;22.00000
1019.08252;22.00000
1019.38074;22.00000
1019.67889;22.00000
1019.97699;22.00000
1020.27502;22.00000
1020.57306;22.00000
1020.87097;15.00000
1021.16888;15.00000
1021.46680;15.00000
1021.76459;15.00000
1022.06238;15.00000
1022.36011;15.00000
1022.65784;15.00000
1022.95551;9.00000
1023.25311;9.00000
1023.55066;9.00000
1023.84814;9.00000
1024.14563;9.00000
1024.44312;9.00000
1024.74048;9.00000
1025.03784;9.00000
1025.33508;9.00000
1025.63232;9.00000
1025.92957;9.00000
1026.22668;9.00000
1026.52380;9.00000
1026.82092;9.00000
1027.11792;9.00000
1027.41492;9.00000
1027.71179;9.00000
1028.00867;9.00000
1028.30554;9.00000
1028.60229;9.00000
1028.89905;9.00000
1029.19580;9.00000
1029.49243;9.00000
1029.78906;9.00000
1030.08569;9.00000
1030.38220;9.00000
1030.67871;9.00000
1030.97510;9.00000
1031.27161;9.00000
1031.56787;9.00000
1031.86426;9.00000
1032.16052;9.00000
1032.45667;9.00000
1032.75293;9.00000
1033.04907;9.00000
1033.34509;9.00000
1033.64111;9.00000
1033.93713;3.00000
1034.23315;3.00000
1034.52905;3.00000
1034.82483;3.00000
1035.12073;3.00000
1035.41650;3.00000
1035.71216;3.00000
1036.00793;3.00000
1036.30347;3.00000
1036.59912;3.00000
1036.89465;3.00000
1037.19019;3.00000
1037.48560;3.00000
1037.78101;3.00000
1038.07642;3.00000
1038.37170;3.00000
1038.66699;3.00000
1038.96228;3.00000
1039.25745;3.00000
1039.55261;3.00000
1039.84778;3.00000
1040.14282;3.00000
1040.43774;3.00000
1040.73279;3.00000
1041.02771;3.00000
1041.32263;3.00000
1041.61743;3.00000
1041.91223;3.00000
1042.20691;3.00000
1042.50171;3.00000
1042.79626;3.00000
1043.09094;3.00000
1043.38550;3.00000
1043.68005;3.00000
1043.97449;3.00000
1044.26892;3.00000
1044.56335;3.00000
1044.85767;3.00000
1045.15198;3.00000
1045.44629;3.00000
1045.74048;3.00000
1046.03467;3.00000
1046.32874;3.00000
1046.62280;3.00000
1046.91687;3.00000
1047.21082;3.00000
1047.50476;3.00000
1047.79871;3.00000
1048.09253;3.00000
1048.38635;3.00000
1048.68005;3.00000
1048.97388;3.00000
1049.26746;3.00000
1049.56116;3.00000
1049.85474;3.00000
1050.14832;3.00000
1050.44177;3.00000
1050.73523;3.00000
1051.02856;3.00000
1051.32202;3.00000
1051.61536;3.00000
1051.90857;3.00000
1052.20178;3.00000
1052.49500;3.00000
1052.78809;3.00000
1053.08118;3.00000
1053.37427;3.00000
1053.66724;3.00000
1053.96021;3.00000
1054.25317;3.00000
1054.54602;3.00000
1054.83887;3.00000
1055.13159;3.00000
1055.42444;3.00000
1055.71704;3.00000
1056.00977;3.00000
1056.30237;3.00000
1056.59485;3.00000
1056.88745;3.00000
1057.17993;3.00000
1057.47229;3.00000
1057.76465;3.00000
1058.05701;3.00000
1058.34937;3.00000
1058.64160;3.00000
1058.93372;3.00000
1059.22595;3.00000
1059.51807;3.00000
1059.81006;3.00000
1060.10217;3.00000
1060.39417;3.00000
1060.68604;3.00000
1060.97791;3.00000
1061.26978;3.00000
1061.56152;3.00000
1061.85339;3.00000
1062.14502;3.00000
1062.43677;3.00000
1062.72839;3.00000
1063.01990;3.00000
1063.31140;3.00000
1063.60291;3.00000
1063.89441;3.00000
1064.18579;3.00000
1064.47717;3.00000
1064.76843;3.00000
1065.05969;3.00000
1065.35095;3.00000
1065.64209;3.00000
1065.93323;3.00000
1066.22437;3.00000
1066.51538;3.00000
1066.80640;3.00000
1067.09729;3.00000
1067.38818;3.00000
1067.67908;3.00000
1067.96985;3.00000
1068.26062;3.00000
1068.55139;3.00000
1068.84204;3.00000
1069.13269;3.00000
1069.42334;3.00000
1069.71387;3.00000
1070.00439;3.00000
1070.29480;3.00000
1070.58521;3.00000
1070.87561;4.00000
1071.16589;4.00000
1071.45618;4.00000
1071.74646;4.00000
1072.03662;4.00000
1072.32678;4.00000
1072.61694;4.00000
1072.90698;4.00000
1073.19702;4.00000
1073.48694;4.00000
1073.77686;4.00000
1074.06677;4.00000
1074.35657;4.00000
1074.64636;4.00000
1074.93616;4.00000
1075.22583;4.00000
1075.51550;4.00000
1075.80505;4.00000
1076.09473;4.00000
1076.38416;4.00000
1076.67371;4.00000
1076.96313;4.00000
1077.25256;4.00000
1077.54187;4.00000
1077.83118;4.00000
1078.12036;4.00000
1078.40967;-6.00000
1078.69873;-6.00000
1078.98792;-6.00000
1079.27698;-6.00000
1079.56604;-6.00000
1079.85498;-6.00000
1080.14392;-6.00000
1080.43286;-6.00000
1080.72168;-6.00000
1081.01050;-6.00000
1081.29932;-6.00000
1081.58801;-6.00000
1081.87671;-6.00000
1082.16528;-6.00000
1082.45386;-6.00000
1082.74243;-6.00000
1083.03088;-6.00000
1083.31934;-6.00000
1083.60779;-6.00000
1083.89612;-6.00000
1084.18445;4.00000
1084.47278;4.00000
1084.76099;4.00000
1085.04919;4.00000
1085.33728;4.00000
1085.62537;4.00000
1085.91345;4.00000
1086.20142;4.00000
1086.48938;4.00000
1086.77734;4.00000
1087.06519;4.00000
1087.35303;4.00000
1087.64075;4.00000
1087.92859;4.00000
1088.21619;4.00000
1088.50391;4.00000
1088.79150;4.00000
1089.07898;4.00000
1089.36658;4.00000
1089.65405;5.00000
1089.94141;5.00000
1090.22876;5.00000
1090.51611;5.00000
1090.80347;5.00000
1091.09070;5.00000
1091.37793;-7.00000
1091.66504;-7.00000
1091.95215;-7.00000
1092.23926;-7.00000
1092.52625;-7.00000
1092.81323;-7.00000
1093.10022;-7.00000
1093.38708;-7.00000
1093.67395;-7.00000
1093.96069;-8.00000
1094.24744;-8.00000
1094.53418;-8.00000
1094.82080;-8.00000
1095.10742;-8.00000
1095.39404;-8.00000
1095.68054;-8.00000
1095.96704;-8.00000
1096.25354;-8.00000
1096.53992;-8.00000
1096.82629;-8.00000
1097.11255;-8.00000
1097.39880;-8.00000
1097.68506;-8.00000
1097.97119;-8.00000
1098.25732;-8.00000
1098.54346;-8.00000
1098.82947;-8.00000
1099.11548;-8.00000
1099.40137;-8.00000
1099.68726;-8.00000
1099.97314;-8.00000
1100.25903;0.00000
1100.54480;0.00000
1100.83044;0.00000
1101.11621;0.00000
1101.40186;0.00000
1101.68738;0.00000
1101.97290;0.00000
1102.25842;0.00000
1102.54395;0.00000
1102.82935;0.00000
1103.11475;0.00000
1103.40002;0.00000
1103.68530;0.00000
1103.97058;0.00000
1104.25574;0.00000
1104.54089;0.00000
1104.82605;0.00000
1105.11108;0.00000
1105.39612;0.00000
1105.68103;0.00000
1105.96594;0.00000
1106.25085;0.00000
1106.53564;0.00000
1106.82043;0.00000
1107.10522;0.00000
1107.38989;0.00000
1107.67456;0.00000
1107.95923;0.00000
1108.24377;0.00000
1108.52832;0.00000
1108.81274;0.00000
1109.09717;0.00000
1109.38159;0.00000
1109.66589;0.00000
1109.95020;0.00000
1110.23450;0.00000
1110.51868;0.00000
1110.80286;0.00000
1111.08691;0.00000
1111.37109;0.00000
1111.65503;0.00000
1111.93909;0.00000
1112.22302;0.00000
1112.50696;0.00000
1112.79077;0.00000
1113.07458;0.00000
1113.35828;0.00000
1113.64209;0.00000
1113.92566;0.00000
1114.20935;0.00000
1114.49292;0.00000
1114.77649;0.00000
1115.05994;0.00000
1115.34338;0.00000
1115.62683;0.00000
1115.91016;0.00000
1116.19348;0.00000
1116.47681;0.00000
1116.76001;0.00000
1117.04321;0.00000
1117.32629;0.00000
1117.60938;0.00000
1117.89246;0.00000
1118.17542;0.00000
1118.45837;0.00000
1118.74133;0.00000
1119.02417;0.00000
1119.30701;0.00000
1119.58984;0.00000
1119.87256;0.00000
1120.15527;0.00000
1120.43787;0.00000
1120.72046;0.00000
1121.00305;0.00000
1121.28552;0.00000
1121.56799;0.00000
1121.85046;0.00000
1122.13281;0.00000
1122.41516;0.00000
1122.69751;0.00000
1122.97974;0.00000
1123.26196;0.00000
1123.54407;0.00000
1123.82617;0.00000
1124.10828;0.00000
1124.39026;0.00000
1124.67224;0.00000
1124.95422;0.00000
1125.23608;0.00000
1125.51794;0.00000
1125.79968;0.00000
1126.08142;0.00000
1126.36316;0.00000
1126.64478;0.00000
1126.92651;0.00000
1127.20801;0.00000
1127.48950;0.00000
1127.77100;0.00000
1128.05249;0.00000
1128.33386;0.00000
1128.61523;0.00000
1128.89648;0.00000
1129.17786;0.00000
1129.45898;0.00000
1129.74023;0.00000
1130.02136;0.00000
1130.30237;0.00000
1130.58350;0.00000
1130.86450;0.00000
1131.14539;0.00000
1131.42627;0.00000
1131.70715;0.00000
1131.98804;0.00000
1132.26880;0.00000
1132.54944;0.00000
1132.83020;0.00000
1133.11084;0.00000
1133.39136;0.00000
1133.67200;0.00000
1133.95239;0.00000
1134.23291;0.00000
1134.51331;0.00000
1134.79370;0.00000
1135.07397;0.00000
1135.35425;0.00000
1135.63452;0.00000
1135.91467;0.00000
1136.19482;0.00000
1136.47498;0.00000
1136.75500;0.00000
1137.03503;0.00000
1137.31506;0.00000
1137.59497;0.00000
1137.87476;0.00000
1138.15466;0.00000
1138.43445;0.00000
1138.71423;0.00000
1138.99390;0.00000
1139.27356;0.00000
1139.55310;0.00000
1139.83276;0.00000
1140.11218;0.00000
1140.39172;0.00000
1140.67114;0.00000
1140.95056;0.00000
1141.22986;0.00000
1141.50916;0.00000
1141.78845;0.00000
1142.06763;0.00000
1142.34680;0.00000
1142.62585;0.00000
1142.90503;0.00000
1143.18396;0.00000
1143.46301;0.00000
1143.74194;0.00000
1144.02087;0.00000
1144.29968;0.00000
1144.57849;0.00000
1144.85730;0.00000
1145.13599;0.00000
1145.41467;0.00000
1145.69324;0.00000
1145.97192;0.00000
1146.25037;0.00000
1146.52893;0.00000
1146.80737;0.00000
1147.08569;0.00000
1147.36414;0.00000
1147.64246;0.00000
1147.92065;0.00000
1148.19897;0.00000
1148.47705;0.00000
1148.75525;0.00000
1149.03333;0.00000
1149.31140;0.00000
1149.58936;0.00000
1149.86731;0.00000
1150.14526;0.00000
1150.42310;0.00000
1150.70093;0.00000
1150.97876;0.00000
1151.25647;0.00000
1151.53418;0.00000
1151.81177;0.00000
1152.08936;0.00000
1152.36694;0.00000
1152.64453;0.00000
1152.92200;0.00000
1153.19934;0.00000
1153.47681;0.00000
1153.75403;0.00000
1154.03137;0.00000
1154.30859;0.00000
1154.58582;0.00000
1154.86292;0.00000
1155.14014;0.00000
1155.41711;0.00000
1155.69421;0.00000
1155.97119;0.00000
1156.24805;0.00000
1156.52490;0.00000
1156.80176;0.00000
1157.07861;0.00000
1157.35535;0.00000
1157.63208;0.00000
1157.90869;0.00000
1158.18530;0.00000
1158.46191;0.00000
1158.73840;0.00000
1159.01489;0.00000
1159.29138;0.00000
1159.56775;0.00000
1159.84412;0.00000
1160.12048;0.00000
1160.39673;0.00000
1160.67285;0.00000
1160.94910;0.00000
1161.22522;0.00000
1161.50134;0.00000
1161.77734;0.00000
1162.05334;0.00000
1162.32922;0.00000
1162.60522;0.00000
1162.88098;0.00000
1163.15686;0.00000
1163.43262;0.00000
1163.70837;0.00000
1163.98401;0.00000
