506.15976;-1.00000
506.52679;0.00000
506.89380;0.00000
507.26074;0.00000
507.62766;0.00000
507.99451;0.00000
508.36133;0.00000
508.72809;0.00000
509.09482;0.00000
509.46152;0.00000
509.82816;0.00000
510.19473;0.00000
510.56128;0.00000
510.92780;0.00000
511.29425;0.00000
511.66068;0.00000
512.02704;0.00000
512.39337;0.00000
512.75964;0.00000
513.12585;0.00000
513.49207;0.00000
513.85822;0.00000
514.22430;0.00000
514.59039;0.00000
514.95636;1.00000
515.32233;1.00000
515.68829;1.00000
516.05414;1.00000
516.41998;1.00000
516.78577;2.00000
517.15149;2.00000
517.51721;1.00000
517.88287;1.00000
518.24847;1.00000
518.61401;1.00000
518.97955;1.00000
519.34503;1.00000
519.71045;1.00000
520.07587;1.00000
520.44122;1.00000
520.80652;1.00000
521.17175;1.00000
521.53699;1.00000
521.90210;1.00000
522.26721;1.00000
522.63232;1.00000
522.99738;1.00000
523.36230;1.00000
523.72729;1.00000
524.09216;1.00000
524.45703;1.00000
524.82184;1.00000
525.18658;1.00000
525.55133;1.00000
525.91595;1.00000
526.28058;1.00000
526.64520;1.00000
527.00970;1.00000
527.37421;1.00000
527.73865;1.00000
528.10309;1.00000
528.46741;1.00000
528.83173;1.00000
529.19604;1.00000
529.56024;1.00000
529.92444;1.00000
530.28857;1.00000
530.65265;1.00000
531.01672;1.00000
531.38068;1.00000
531.74469;2.00000
532.10858;2.00000
532.47247;2.00000
532.83624;2.00000
533.20007;2.00000
533.56378;2.00000
533.92749;2.00000
534.29114;2.00000
534.65472;2.00000
535.01825;2.00000
535.38177;2.00000
535.74524;2.00000
536.10870;2.00000
536.47205;2.00000
536.83539;2.00000
537.19867;2.00000
537.56189;2.00000
537.92511;1.00000
538.28827;1.00000
538.65137;1.00000
539.01447;2.00000
539.37744;2.00000
539.74042;2.00000
540.10339;2.00000
540.46625;2.00000
540.82910;2.00000
541.19189;2.00000
541.55463;2.00000
541.91736;2.00000
542.28003;2.00000
542.64264;1.00000
543.00519;1.00000
543.36774;1.00000
543.73022;1.00000
544.09265;1.00000
544.45508;1.00000
544.81738;1.00000
545.17969;1.00000
545.54199;1.00000
545.90417;1.00000
546.26636;1.00000
546.62848;1.00000
546.99060;1.00000
547.35260;1.00000
547.71460;1.00000
548.07654;1.00000
548.43848;1.00000
548.80029;1.00000
549.16211;1.00000
549.52393;1.00000
549.88562;1.00000
550.24731;1.00000
550.60895;1.00000
550.97052;1.00000
551.33209;1.00000
551.69360;1.00000
552.05505;1.00000
552.41644;1.00000
552.77783;1.00000
553.13916;1.00000
553.50043;1.00000
553.86163;1.00000
554.22284;1.00000
554.58398;1.00000
554.94507;1.00000
555.30615;1.00000
555.66718;1.00000
556.02814;1.00000
556.38904;1.00000
556.74994;1.00000
557.11078;1.00000
557.47156;1.00000
557.83228;1.00000
558.19299;1.00000
558.55365;1.00000
558.91425;1.00000
559.27484;1.00000
559.63531;1.00000
559.99579;1.00000
560.35626;1.00000
560.71661;1.00000
561.07697;1.00000
561.43726;1.00000
561.79755;1.00000
562.15771;1.00000
562.51788;1.00000
562.87799;1.00000
563.23810;1.00000
563.59808;1.00000
563.95807;2.00000
564.31805;2.00000
564.67792;2.00000
565.03778;2.00000
565.39758;2.00000
565.75732;2.00000
566.11707;2.00000
566.47675;2.00000
566.83636;1.00000
567.19592;1.00000
567.55548;2.00000
567.91498;1.00000
568.27441;1.00000
568.63385;1.00000
568.99316;2.00000
569.35248;2.00000
569.71179;2.00000
570.07098;2.00000
570.43018;2.00000
570.78931;2.00000
571.14838;2.00000
571.50745;2.00000
571.86646;2.00000
572.22540;2.00000
572.58429;2.00000
572.94318;2.00000
573.30200;2.00000
573.66077;2.00000
574.01953;2.00000
574.37817;2.00000
574.73688;2.00000
575.09546;2.00000
575.45398;2.00000
575.81250;2.00000
576.17096;2.00000
576.52942;2.00000
576.88776;2.00000
577.24609;2.00000
577.60437;2.00000
577.96265;2.00000
578.32086;2.00000
578.67902;2.00000
579.03711;2.00000
579.39514;2.00000
579.75317;2.00000
580.11115;2.00000
580.46912;2.00000
580.82697;2.00000
581.18481;1.00000
581.54260;1.00000
581.90033;1.00000
582.25806;2.00000
582.61572;2.00000
582.97333;2.00000
583.33093;2.00000
583.68848;2.00000
584.04596;2.00000
584.40338;2.00000
584.76074;2.00000
585.11810;1.00000
585.47540;1.00000
585.83270;1.00000
586.18988;1.00000
586.54706;1.00000
586.90417;1.00000
587.26129;2.00000
587.61829;2.00000
587.97528;2.00000
588.33228;2.00000
588.68915;2.00000
589.04602;2.00000
589.40283;2.00000
589.75958;2.00000
590.11633;2.00000
590.47302;2.00000
590.82965;2.00000
591.18622;2.00000
591.54279;2.00000
591.89929;2.00000
592.25574;2.00000
592.61212;2.00000
592.96851;2.00000
593.32483;2.00000
593.68109;1.00000
594.03735;2.00000
594.39355;1.00000
594.74969;1.00000
595.10577;1.00000
595.46185;1.00000
595.81781;1.00000
596.17383;1.00000
596.52972;2.00000
596.88562;2.00000
597.24146;2.00000
597.59723;2.00000
597.95294;2.00000
598.30865;2.00000
598.66431;2.00000
599.01990;2.00000
599.37549;2.00000
599.73102;2.00000
600.08649;2.00000
600.44189;2.00000
600.79730;2.00000
601.15265;2.00000
601.50793;2.00000
601.86316;2.00000
602.21838;2.00000
602.57355;2.00000
602.92865;2.00000
603.28375;2.00000
603.63873;2.00000
603.99371;2.00000
604.34869;2.00000
604.70355;2.00000
605.05841;2.00000
605.41321;2.00000
605.76801;2.00000
606.12268;2.00000
606.47736;2.00000
606.83197;2.00000
607.18658;2.00000
607.54114;2.00000
607.89563;2.00000
608.25006;2.00000
608.60443;2.00000
608.95880;2.00000
609.31311;2.00000
609.66742;2.00000
610.02161;2.00000
610.37579;2.00000
610.72992;2.00000
611.08405;3.00000
611.43805;3.00000
611.79205;3.00000
612.14600;3.00000
612.49994;3.00000
612.85382;3.00000
613.20764;3.00000
613.56140;3.00000
613.91516;3.00000
614.26880;3.00000
614.62244;3.00000
614.97607;3.00000
615.32959;3.00000
615.68311;3.00000
616.03662;3.00000
616.39001;3.00000
616.74341;3.00000
617.09674;3.00000
617.45001;3.00000
617.80322;3.00000
618.15643;3.00000
618.50958;3.00000
618.86273;3.00000
619.21576;3.00000
619.56879;3.00000
619.92175;3.00000
620.27466;3.00000
620.62756;3.00000
620.98041;3.00000
621.33319;2.00000
621.68597;2.00000
622.03864;2.00000
622.39130;2.00000
622.74396;3.00000
623.09650;3.00000
623.44904;3.00000
623.80151;3.00000
624.15393;3.00000
624.50635;3.00000
624.85870;3.00000
625.21100;3.00000
625.56329;3.00000
625.91547;3.00000
626.26764;3.00000
626.61975;3.00000
626.97186;4.00000
627.32391;4.00000
627.67590;4.00000
628.02783;4.00000
628.37976;4.00000
628.73157;5.00000
629.08337;5.00000
629.43518;6.00000
629.78687;6.00000
630.13855;7.00000
630.49023;8.00000
630.84180;8.00000
631.19336;8.00000
631.54486;8.00000
631.89630;8.00000
632.24768;9.00000
632.59906;9.00000
632.95038;9.00000
633.30170;10.00000
633.65289;10.00000
634.00409;10.00000
634.35522;11.00000
634.70636;11.00000
635.05737;12.00000
635.40839;12.00000
635.75934;13.00000
636.11029;13.00000
636.46118;13.00000
636.81201;13.00000
637.16278;13.00000
637.51349;14.00000
637.86420;14.00000
638.21484;15.00000
638.56549;15.00000
638.91602;15.00000
639.26654;15.00000
639.61700;15.00000
639.96747;16.00000
640.31781;16.00000
640.66815;16.00000
641.01849;16.00000
641.36871;16.00000
641.71893;16.00000
642.06909;16.00000
642.41919;16.00000
642.76929;16.00000
643.11932;15.00000
643.46930;15.00000
643.81921;15.00000
644.16913;15.00000
644.51898;15.00000
644.86877;15.00000
645.21851;15.00000
645.56824;15.00000
645.91791;15.00000
646.26752;15.00000
646.61713;15.00000
646.96661;15.00000
647.31610;15.00000
647.66559;15.00000
648.01495;16.00000
648.36432;16.00000
648.71362;16.00000
649.06293;16.00000
649.41211;16.00000
649.76129;16.00000
650.11047;17.00000
650.45953;18.00000
650.80859;18.00000
651.15759;18.00000
651.50653;18.00000
651.85547;19.00000
652.20428;20.00000
652.55316;22.00000
652.90192;23.00000
653.25067;23.00000
653.59930;24.00000
653.94800;27.00000
654.29657;30.00000
654.64514;31.00000
654.99365;34.00000
655.34210;36.00000
655.69049;39.00000
656.03888;44.00000
656.38721;49.00000
656.73553;51.00000
657.08374;56.00000
657.43195;62.00000
657.78009;69.00000
658.12817;69.00000
658.47626;77.00000
658.82428;83.00000
659.17224;94.00000
659.52020;103.00000
659.86804;108.00000
660.21588;123.00000
660.56372;135.00000
660.91144;153.00000
661.25916;165.00000
661.60681;188.00000
661.95441;193.00000
662.30200;205.00000
662.64954;213.00000
662.99701;237.00000
663.34442;246.00000
663.69183;282.00000
664.03918;294.00000
664.38647;297.00000
664.73376;315.00000
665.08093;328.00000
665.42810;330.00000
665.77527;337.00000
666.12231;374.00000
666.46936;387.00000
666.81635;393.00000
667.16327;410.00000
667.51019;417.00000
667.85706;426.00000
668.20386;448.00000
668.55066;454.00000
668.89734;473.00000
669.24402;477.00000
669.59064;488.00000
669.93726;497.00000
670.28381;501.00000
670.63031;506.00000
670.97675;508.00000
671.32318;513.00000
671.66956;523.00000
672.01587;533.00000
672.36212;540.00000
672.70837;533.00000
673.05457;548.00000
673.40070;548.00000
673.74677;548.00000
674.09283;552.00000
674.43884;552.00000
674.78479;552.00000
675.13074;552.00000
675.47662;553.00000
675.82245;553.00000
676.16821;569.00000
676.51398;569.00000
676.85962;569.00000
677.20532;569.00000
677.55090;569.00000
677.89648;570.00000
678.24200;570.00000
678.58746;592.00000
678.93286;592.00000
679.27826;590.00000
679.62360;590.00000
679.96887;590.00000
680.31415;590.00000
680.65936;583.00000
681.00452;583.00000
681.34961;583.00000
681.69470;571.00000
682.03973;582.00000
682.38470;582.00000
682.72961;567.00000
683.07452;567.00000
683.41937;567.00000
683.76416;545.00000
684.10895;545.00000
684.45367;537.00000
684.79834;537.00000
685.14294;537.00000
685.48755;532.00000
685.83203;525.00000
686.17651;537.00000
686.52100;537.00000
686.86542;537.00000
687.20972;537.00000
687.55408;537.00000
687.89832;537.00000
688.24255;534.00000
688.58673;534.00000
688.93085;534.00000
689.27496;520.00000
689.61896;520.00000
689.96301;520.00000
690.30695;520.00000
690.65082;522.00000
690.99469;522.00000
691.33856;533.00000
691.68231;534.00000
692.02606;534.00000
692.36975;542.00000
692.71338;543.00000
693.05695;543.00000
693.40051;543.00000
693.74402;542.00000
694.08746;538.00000
694.43091;531.00000
694.77429;518.00000
695.11761;517.00000
695.46088;517.00000
695.80414;512.00000
696.14734;508.00000
696.49048;494.00000
696.83356;508.00000
697.17664;495.00000
697.51965;495.00000
697.86261;495.00000
698.20557;494.00000
698.54846;494.00000
698.89130;494.00000
699.23407;494.00000
699.57684;494.00000
699.91949;484.00000
700.26221;483.00000
700.60480;483.00000
700.94739;484.00000
701.28992;494.00000
701.63239;498.00000
701.97479;498.00000
702.31720;499.00000
702.65955;498.00000
703.00183;498.00000
703.34412;499.00000
703.68634;502.00000
704.02850;504.00000
704.37061;510.00000
704.71271;510.00000
705.05475;523.00000
705.39673;525.00000
705.73865;525.00000
706.08057;526.00000
706.42242;532.00000
706.76422;560.00000
707.10596;560.00000
707.44769;560.00000
707.78937;560.00000
708.13104;542.00000
708.47260;542.00000
708.81415;542.00000
709.15564;542.00000
709.49707;540.00000
709.83850;538.00000
710.17987;538.00000
710.52118;538.00000
710.86249;538.00000
711.20367;540.00000
711.54486;540.00000
711.88605;543.00000
712.22711;543.00000
712.56818;550.00000
712.90918;554.00000
713.25012;581.00000
713.59106;585.00000
713.93195;585.00000
714.27277;593.00000
714.61353;594.00000
714.95428;598.00000
715.29498;594.00000
715.63562;598.00000
715.97626;598.00000
716.31677;593.00000
716.65729;598.00000
716.99780;598.00000
717.33820;591.00000
717.67859;591.00000
718.01892;591.00000
718.35919;602.00000
718.69946;591.00000
719.03967;591.00000
719.37982;602.00000
719.71991;602.00000
720.06000;602.00000
720.40002;602.00000
720.73999;593.00000
721.07996;593.00000
721.41986;592.00000
721.75970;592.00000
722.09949;592.00000
722.43927;583.00000
722.77893;566.00000
723.11865;566.00000
723.45825;566.00000
723.79785;565.00000
724.13733;564.00000
724.47687;552.00000
724.81628;549.00000
725.15570;549.00000
725.49506;555.00000
725.83435;555.00000
726.17365;555.00000
726.51282;549.00000
726.85199;549.00000
727.19116;555.00000
727.53021;555.00000
727.86926;555.00000
728.20825;555.00000
728.54724;569.00000
728.88611;569.00000
729.22498;569.00000
729.56384;577.00000
729.90259;577.00000
730.24133;577.00000
730.58002;577.00000
730.91864;577.00000
731.25726;573.00000
731.59583;569.00000
731.93433;566.00000
732.27277;566.00000
732.61121;556.00000
732.94952;556.00000
733.28790;556.00000
733.62616;556.00000
733.96442;556.00000
734.30261;570.00000
734.64075;570.00000
734.97882;570.00000
735.31689;554.00000
735.65491;572.00000
735.99292;572.00000
736.33081;574.00000
736.66870;576.00000
737.00653;579.00000
737.34436;579.00000
737.68207;583.00000
738.01978;592.00000
738.35742;592.00000
738.69507;592.00000
739.03259;592.00000
739.37012;588.00000
739.70764;584.00000
740.04504;583.00000
740.38245;581.00000
740.71979;580.00000
741.05707;576.00000
741.39435;567.00000
741.73157;561.00000
742.06873;541.00000
742.40588;533.00000
742.74292;533.00000
743.07996;533.00000
743.41693;541.00000
743.75391;541.00000
744.09082;541.00000
744.42767;547.00000
744.76447;555.00000
745.10120;562.00000
745.43793;566.00000
745.77460;566.00000
746.11127;562.00000
746.44781;555.00000
746.78436;555.00000
747.12085;560.00000
747.45734;560.00000
747.79376;571.00000
748.13013;571.00000
748.46643;571.00000
748.80267;571.00000
749.13892;583.00000
749.47510;592.00000
749.81122;592.00000
750.14734;592.00000
750.48340;583.00000
750.81940;573.00000
751.15533;573.00000
751.49127;579.00000
751.82715;579.00000
752.16296;576.00000
752.49878;576.00000
752.83447;579.00000
753.17017;581.00000
753.50586;591.00000
753.84143;592.00000
754.17700;597.00000
754.51251;597.00000
754.84796;603.00000
755.18341;603.00000
755.51880;603.00000
755.85413;603.00000
756.18939;603.00000
756.52466;601.00000
756.85986;601.00000
757.19501;601.00000
757.53015;601.00000
757.86523;601.00000
758.20026;601.00000
758.53522;601.00000
758.87012;599.00000
759.20502;586.00000
759.53986;584.00000
759.87469;574.00000
760.20941;574.00000
760.54413;574.00000
760.87878;574.00000
761.21344;574.00000
761.54803;574.00000
761.88257;574.00000
762.21704;574.00000
762.55145;573.00000
762.88586;573.00000
763.22021;570.00000
763.55457;570.00000
763.88879;570.00000
764.22302;552.00000
764.55719;547.00000
764.89136;552.00000
765.22540;562.00000
765.55945;570.00000
765.89343;570.00000
766.22742;562.00000
766.56134;538.00000
766.89520;538.00000
767.22900;538.00000
767.56274;538.00000
767.89648;536.00000
768.23016;533.00000
768.56384;533.00000
768.89740;533.00000
769.23096;533.00000
769.56445;533.00000
769.89795;536.00000
770.23132;551.00000
770.56470;551.00000
770.89807;551.00000
771.23132;551.00000
771.56458;538.00000
771.89777;536.00000
772.23090;532.00000
772.56403;526.00000
772.89709;526.00000
773.23010;526.00000
773.56305;529.00000
773.89600;532.00000
774.22888;532.00000
774.56171;533.00000
774.89447;535.00000
775.22723;536.00000
775.55994;536.00000
775.89258;535.00000
776.22522;542.00000
776.55774;542.00000
776.89032;542.00000
777.22278;575.00000
777.55518;579.00000
777.88757;579.00000
778.21991;649.00000
778.55225;871.00000
778.88452;1419.00000
779.21667;1696.00000
779.54889;1761.00000
779.88098;2020.00000
780.21307;2020.00000
780.54510;2020.00000
780.87708;2020.00000
781.20905;2020.00000
781.54095;2020.00000
781.87280;1979.00000
782.20459;1001.00000
782.53638;698.00000
782.86804;602.00000
783.19977;562.00000
783.53137;560.00000
783.86298;559.00000
784.19452;549.00000
784.52600;543.00000
784.85742;540.00000
785.18884;536.00000
785.52020;532.00000
785.85156;519.00000
786.18280;514.00000
786.51404;514.00000
786.84521;501.00000
787.17633;501.00000
787.50745;501.00000
787.83850;514.00000
788.16949;514.00000
788.50049;519.00000
788.83136;519.00000
789.16223;519.00000
789.49310;519.00000
789.82385;519.00000
790.15460;510.00000
790.48529;509.00000
790.81592;507.00000
791.14655;492.00000
791.47711;492.00000
791.80762;492.00000
792.13806;492.00000
792.46851;492.00000
792.79889;492.00000
793.12921;495.00000
793.45953;500.00000
793.78973;500.00000
794.11993;500.00000
794.45013;500.00000
794.78021;503.00000
795.11029;503.00000
795.44031;503.00000
795.77032;500.00000
796.10022;499.00000
796.43011;497.00000
796.75995;486.00000
797.08978;486.00000
797.41949;484.00000
797.74921;476.00000
798.07892;476.00000
798.40851;469.00000
798.73810;469.00000
799.06763;469.00000
799.39709;469.00000
799.72656;469.00000
800.05597;469.00000
800.38531;469.00000
800.71460;477.00000
801.04388;469.00000
801.37311;477.00000
801.70227;482.00000
802.03137;483.00000
802.36047;483.00000
802.68951;483.00000
803.01849;483.00000
803.34747;483.00000
803.67639;484.00000
804.00525;484.00000
804.33405;483.00000
804.66284;480.00000
804.99158;471.00000
805.32025;467.00000
805.64886;459.00000
805.97748;445.00000
806.30603;445.00000
806.63452;445.00000
806.96301;445.00000
807.29138;446.00000
807.61975;448.00000
807.94812;446.00000
808.27637;446.00000
808.60461;446.00000
808.93280;448.00000
809.26093;460.00000
809.58905;460.00000
809.91711;456.00000
810.24512;449.00000
810.57312;445.00000
810.90100;449.00000
811.22888;450.00000
811.55670;456.00000
811.88452;456.00000
812.21228;456.00000
812.53998;458.00000
812.86761;462.00000
813.19525;483.00000
813.52283;486.00000
813.85034;486.00000
814.17780;486.00000
814.50525;483.00000
814.83264;483.00000
815.15997;474.00000
815.48724;477.00000
815.81451;477.00000
816.14172;475.00000
816.46887;474.00000
816.79602;472.00000
817.12311;474.00000
817.45013;475.00000
817.77710;477.00000
818.10406;479.00000
818.43097;480.00000
818.75781;491.00000
819.08459;491.00000
819.41138;491.00000
819.73810;498.00000
820.06476;510.00000
820.39142;498.00000
820.71796;498.00000
821.04449;498.00000
821.37103;498.00000
821.69745;498.00000
822.02386;507.00000
822.35022;512.00000
822.67651;513.00000
823.00281;512.00000
823.32904;513.00000
823.65521;514.00000
823.98138;514.00000
824.30743;513.00000
824.63348;512.00000
824.95953;512.00000
825.28546;513.00000
825.61139;511.00000
825.93726;511.00000
826.26306;510.00000
826.58887;504.00000
826.91461;510.00000
827.24030;511.00000
827.56592;511.00000
827.89154;511.00000
828.21710;511.00000
828.54260;511.00000
828.86810;511.00000
829.19348;511.00000
829.51886;511.00000
829.84424;511.00000
830.16949;493.00000
830.49475;493.00000
830.81995;493.00000
831.14508;493.00000
831.47021;493.00000
831.79529;493.00000
832.12030;493.00000
832.44525;496.00000
832.77020;500.00000
833.09509;501.00000
833.41992;501.00000
833.74475;500.00000
834.06952;500.00000
834.39423;496.00000
834.71887;492.00000
835.04346;478.00000
835.36804;464.00000
835.69257;464.00000
836.01709;464.00000
836.34149;463.00000
836.66589;452.00000
836.99023;452.00000
837.31458;450.00000
837.63885;444.00000
837.96307;437.00000
838.28723;437.00000
838.61133;422.00000
838.93542;411.00000
839.25946;411.00000
839.58350;411.00000
839.90741;411.00000
840.23132;411.00000
840.55518;425.00000
840.87903;456.00000
841.20276;456.00000
841.52649;456.00000
841.85016;456.00000
842.17383;456.00000
842.49744;441.00000
842.82098;437.00000
843.14447;434.00000
843.46790;430.00000
843.79132;430.00000
844.11469;430.00000
844.43805;430.00000
844.76129;422.00000
845.08453;422.00000
845.40771;414.00000
845.73090;413.00000
846.05402;413.00000
846.37701;410.00000
846.70007;406.00000
847.02301;399.00000
847.34595;399.00000
847.66882;399.00000
847.99164;399.00000
848.31445;399.00000
848.63721;419.00000
848.95990;425.00000
849.28253;429.00000
849.60516;443.00000
849.92773;444.00000
850.25024;452.00000
850.57269;456.00000
850.89514;459.00000
851.21753;459.00000
851.53986;460.00000
851.86218;460.00000
852.18445;460.00000
852.50665;459.00000
852.82880;456.00000
853.15094;451.00000
853.47302;451.00000
853.79504;451.00000
854.11700;460.00000
854.43896;442.00000
854.76086;440.00000
855.08270;440.00000
855.40448;464.00000
855.72626;466.00000
856.04797;468.00000
856.36969;485.00000
856.69128;486.00000
857.01288;486.00000
857.33441;486.00000
857.65588;490.00000
857.97736;493.00000
858.29877;495.00000
858.62012;490.00000
858.94141;490.00000
859.26270;490.00000
859.58392;497.00000
859.90509;497.00000
860.22626;499.00000
860.54736;510.00000
860.86841;497.00000
861.18939;497.00000
861.51038;507.00000
861.83124;510.00000
862.15216;513.00000
862.47296;529.00000
862.79376;529.00000
863.11450;541.00000
863.43518;569.00000
863.75580;570.00000
864.07642;571.00000
864.39697;574.00000
864.71747;574.00000
865.03796;574.00000
865.35840;571.00000
865.67877;574.00000
865.99908;574.00000
866.31940;556.00000
866.63959;553.00000
866.95984;553.00000
867.27997;553.00000
867.60010;545.00000
867.92017;545.00000
868.24017;543.00000
868.56012;543.00000
868.88007;543.00000
869.19995;554.00000
869.51978;559.00000
869.83960;554.00000
870.15936;559.00000
870.47906;559.00000
870.79871;559.00000
871.11835;559.00000
871.43793;556.00000
871.75745;551.00000
872.07690;525.00000
872.39636;511.00000
872.71576;511.00000
873.03510;511.00000
873.35443;511.00000
873.67371;511.00000
873.99292;511.00000
874.31207;508.00000
874.63123;508.00000
874.95026;508.00000
875.26935;508.00000
875.58832;491.00000
875.90729;450.00000
876.22620;449.00000
876.54504;446.00000
876.86383;438.00000
877.18262;427.00000
877.50134;403.00000
877.82001;400.00000
878.13867;387.00000
878.45728;385.00000
878.77582;377.00000
879.09430;373.00000
879.41278;367.00000
879.73114;366.00000
880.04956;366.00000
880.36786;364.00000
880.68616;358.00000
881.00439;355.00000
881.32257;355.00000
881.64069;345.00000
881.95880;340.00000
882.27686;339.00000
882.59485;332.00000
882.91284;332.00000
883.23077;332.00000
883.54865;332.00000
883.86646;322.00000
884.18427;320.00000
884.50201;311.00000
884.81970;310.00000
885.13733;303.00000
885.45496;295.00000
885.77252;291.00000
886.09003;290.00000
886.40753;287.00000
886.72498;280.00000
887.04236;272.00000
887.35968;272.00000
887.67700;272.00000
887.99426;272.00000
888.31146;267.00000
888.62860;267.00000
888.94574;266.00000
889.26282;266.00000
889.57983;266.00000
889.89679;266.00000
890.21375;266.00000
890.53064;266.00000
890.84747;266.00000
891.16431;267.00000
891.48108;269.00000
891.79779;274.00000
892.11444;274.00000
892.43109;274.00000
892.74768;269.00000
893.06421;267.00000
893.38068;257.00000
893.69714;257.00000
894.01355;253.00000
894.32990;246.00000
894.64624;246.00000
894.96246;246.00000
895.27869;246.00000
895.59491;246.00000
895.91101;246.00000
896.22711;246.00000
896.54315;246.00000
896.85919;246.00000
897.17511;245.00000
897.49103;245.00000
897.80688;244.00000
898.12274;244.00000
898.43854;244.00000
898.75427;241.00000
899.06995;241.00000
899.38556;240.00000
899.70117;234.00000
900.01672;231.00000
900.33221;231.00000
900.64771;231.00000
900.96313;234.00000
901.27850;241.00000
901.59381;243.00000
901.90912;243.00000
902.22437;247.00000
902.53955;254.00000
902.85474;254.00000
903.16986;254.00000
903.48492;254.00000
903.79993;254.00000
904.11487;247.00000
904.42981;240.00000
904.74469;230.00000
905.05957;230.00000
905.37433;230.00000
905.68909;221.00000
906.00378;218.00000
906.31848;217.00000
906.63306;215.00000
906.94763;215.00000
907.26221;215.00000
907.57666;214.00000
907.89111;211.00000
908.20551;211.00000
908.51984;210.00000
908.83417;203.00000
909.14844;203.00000
909.46265;203.00000
909.77679;203.00000
910.09094;203.00000
910.40503;203.00000
910.71906;203.00000
911.03302;203.00000
911.34698;203.00000
911.66089;205.00000
911.97473;206.00000
912.28857;206.00000
912.60236;206.00000
912.91608;202.00000
913.22974;202.00000
913.54340;202.00000
913.85699;189.00000
914.17053;187.00000
914.48401;187.00000
914.79749;182.00000
915.11090;180.00000
915.42426;180.00000
915.73755;180.00000
916.05084;180.00000
916.36407;171.00000
916.67725;159.00000
916.99042;155.00000
917.30353;154.00000
917.61658;153.00000
917.92957;142.00000
918.24255;134.00000
918.55548;134.00000
918.86835;134.00000
919.18115;134.00000
919.49396;134.00000
919.80670;134.00000
920.11938;134.00000
920.43207;134.00000
920.74469;134.00000
921.05725;128.00000
921.36975;120.00000
921.68225;119.00000
921.99463;115.00000
922.30707;115.00000
922.61938;115.00000
922.93170;114.00000
923.24390;114.00000
923.55615;113.00000
923.86829;111.00000
924.18042;111.00000
924.49249;110.00000
924.80450;107.00000
925.11652;102.00000
925.42841;97.00000
925.74036;94.00000
926.05219;94.00000
926.36395;93.00000
926.67572;92.00000
926.98743;91.00000
927.29913;91.00000
927.61078;84.00000
927.92236;82.00000
928.23389;80.00000
928.54535;80.00000
928.85681;79.00000
929.16821;75.00000
929.47955;75.00000
929.79089;73.00000
930.10217;72.00000
930.41339;72.00000
930.72455;69.00000
931.03571;68.00000
931.34680;66.00000
931.65784;65.00000
931.96881;65.00000
932.27979;64.00000
932.59070;63.00000
932.90155;63.00000
933.21240;61.00000
933.52319;60.00000
933.83392;59.00000
934.14459;59.00000
934.45520;59.00000
934.76581;58.00000
935.07635;57.00000
935.38690;56.00000
935.69739;55.00000
936.00775;48.00000
936.31818;46.00000
936.62848;43.00000
936.93878;41.00000
937.24902;38.00000
937.55920;36.00000
937.86938;33.00000
938.17944;32.00000
938.48956;30.00000
938.79956;28.00000
939.10956;26.00000
939.41943;25.00000
939.72937;24.00000
940.03918;24.00000
940.34900;23.00000
940.65875;23.00000
940.96844;23.00000
941.27808;22.00000
941.58771;20.00000
941.89728;19.00000
942.20679;18.00000
942.51630;18.00000
942.82574;18.00000
943.13513;17.00000
943.44446;17.00000
943.75378;17.00000
944.06305;17.00000
944.37225;17.00000
944.68140;17.00000
944.99054;17.00000
945.29962;16.00000
945.60864;16.00000
945.91766;16.00000
946.22662;15.00000
946.53552;15.00000
946.84436;15.00000
947.15320;15.00000
947.46198;15.00000
947.77069;16.00000
948.07935;17.00000
948.38800;17.00000
948.69659;17.00000
949.00513;17.00000
949.31360;17.00000
949.62207;17.00000
949.93048;17.00000
950.23883;17.00000
950.54718;16.00000
950.85547;16.00000
951.16370;17.00000
951.47186;17.00000
951.78003;17.00000
952.08813;17.00000
952.39618;18.00000
952.70416;19.00000
953.01215;19.00000
953.32007;19.00000
953.62793;19.00000
953.93579;19.00000
954.24353;19.00000
954.55127;19.00000
954.85901;19.00000
955.16663;20.00000
955.47424;20.00000
955.78180;20.00000
956.08936;21.00000
956.39679;21.00000
956.70422;21.00000
957.01160;21.00000
957.31897;21.00000
957.62628;21.00000
957.93353;20.00000
958.24072;18.00000
958.54785;18.00000
958.85498;18.00000
959.16205;18.00000
959.46906;18.00000
959.77606;18.00000
960.08301;18.00000
960.38989;18.00000
960.69672;18.00000
961.00354;18.00000
961.31030;18.00000
961.61700;17.00000
961.92371;17.00000
962.23035;16.00000
962.53693;16.00000
962.84344;16.00000
963.14990;16.00000
963.45636;15.00000
963.76276;15.00000
964.06915;15.00000
964.37543;15.00000
964.68170;14.00000
964.98792;14.00000
965.29413;14.00000
965.60022;14.00000
965.90631;14.00000
966.21240;14.00000
966.51837;14.00000
966.82434;14.00000
967.13025;14.00000
967.43610;14.00000
967.74194;13.00000
968.04773;13.00000
968.35345;13.00000
968.65912;13.00000
968.96478;12.00000
969.27039;12.00000
969.57593;12.00000
969.88141;12.00000
970.18689;12.00000
970.49231;12.00000
970.79767;12.00000
971.10303;12.00000
971.40833;12.00000
971.71356;12.00000
972.01874;12.00000
972.32391;12.00000
972.62903;11.00000
972.93408;11.00000
973.23907;11.00000
973.54407;11.00000
973.84900;11.00000
974.15387;11.00000
974.45868;11.00000
974.76349;11.00000
975.06824;11.00000
975.37292;11.00000
975.67761;10.00000
975.98224;10.00000
976.28680;10.00000
976.59131;10.00000
976.89581;9.00000
977.20026;9.00000
977.50464;9.00000
977.80896;9.00000
978.11328;9.00000
978.41754;9.00000
978.72174;9.00000
979.02594;9.00000
979.33008;8.00000
979.63416;8.00000
979.93817;8.00000
980.24219;8.00000
980.54608;8.00000
980.85004;8.00000
981.15387;8.00000
981.45770;8.00000
981.76147;8.00000
982.06519;7.00000
982.36884;7.00000
982.67249;7.00000
982.97607;7.00000
983.27960;7.00000
983.58313;7.00000
983.88660;7.00000
984.19000;7.00000
984.49335;7.00000
984.79669;7.00000
985.09991;7.00000
985.40320;7.00000
985.70636;7.00000
986.00952;7.00000
986.31262;7.00000
986.61566;7.00000
986.91864;7.00000
987.22162;7.00000
987.52454;7.00000
987.82739;7.00000
988.13025;7.00000
988.43304;7.00000
988.73578;7.00000
989.03845;7.00000
989.34113;7.00000
989.64374;7.00000
989.94629;7.00000
990.24878;7.00000
990.55127;7.00000
990.85370;7.00000
991.15607;7.00000
991.45844;6.00000
991.76074;6.00000
992.06299;6.00000
992.36517;6.00000
992.66736;6.00000
992.96942;6.00000
993.27155;6.00000
993.57355;6.00000
993.87555;6.00000
994.17749;6.00000
994.47937;6.00000
994.78119;6.00000
995.08301;6.00000
995.38477;6.00000
995.68646;6.00000
995.98816;6.00000
996.28979;6.00000
996.59137;6.00000
996.89288;5.00000
997.19440;5.00000
997.49579;5.00000
997.79724;5.00000
998.09857;5.00000
998.39990;5.00000
998.70117;4.00000
999.00238;4.00000
999.30353;4.00000
999.60468;4.00000
999.90576;4.00000
1000.20685;4.00000
1000.50781;4.00000
1000.80878;4.00000
1001.10968;4.00000
1001.41052;4.00000
1001.71136;4.00000
1002.01215;4.00000
1002.31287;4.00000
1002.61359;4.00000
1002.91418;4.00000
1003.21478;4.00000
1003.51538;4.00000
1003.81586;4.00000
1004.11633;4.00000
1004.41675;4.00000
1004.71710;4.00000
1005.01746;4.00000
1005.31775;4.00000
1005.61798;4.00000
1005.91815;4.00000
1006.21832;4.00000
1006.51843;4.00000
1006.81848;4.00000
1007.11847;4.00000
1007.41846;4.00000
1007.71838;4.00000
1008.01825;4.00000
1008.31812;4.00000
1008.61792;4.00000
1008.91766;4.00000
1009.21735;4.00000
1009.51703;4.00000
1009.81665;4.00000
1010.11621;4.00000
1010.41571;4.00000
1010.71521;4.00000
1011.01465;4.00000
1011.31403;4.00000
1011.61340;4.00000
1011.91272;4.00000
1012.21198;4.00000
1012.51117;3.00000
1012.81030;3.00000
1013.10944;3.00000
1013.40851;3.00000
1013.70758;3.00000
1014.00653;3.00000
1014.30548;3.00000
1014.60443;3.00000
1014.90326;3.00000
1015.20209;3.00000
1015.50085;3.00000
1015.79956;3.00000
1016.09821;3.00000
1016.39685;3.00000
1016.69543;3.00000
1016.99402;3.00000
1017.29248;3.00000
1017.59094;3.00000
1017.88934;3.00000
1018.18774;3.00000
1018.48602;3.00000
1018.78430;3.00000
1019.08252;2.00000
1019.38074;2.00000
1019.67889;2.00000
1019.97699;2.00000
1020.27502;2.00000
1020.57306;2.00000
1020.87097;2.00000
1021.16888;2.00000
1021.46680;2.00000
1021.76459;2.00000
1022.06238;2.00000
1022.36011;2.00000
1022.65784;2.00000
1022.95551;2.00000
1023.25311;2.00000
1023.55066;2.00000
1023.84814;2.00000
1024.14563;2.00000
1024.44312;2.00000
1024.74048;2.00000
1025.03784;2.00000
1025.33508;2.00000
1025.63232;2.00000
1025.92957;2.00000
1026.22668;2.00000
1026.52380;2.00000
1026.82092;2.00000
1027.11792;2.00000
1027.41492;2.00000
1027.71179;2.00000
1028.00867;2.00000
1028.30554;2.00000
1028.60229;2.00000
1028.89905;2.00000
1029.19580;2.00000
1029.49243;2.00000
1029.78906;2.00000
1030.08569;2.00000
1030.38220;2.00000
1030.67871;2.00000
1030.97510;2.00000
1031.27161;2.00000
1031.56787;3.00000
1031.86426;2.00000
1032.16052;2.00000
1032.45667;3.00000
1032.75293;3.00000
1033.04907;3.00000
1033.34509;2.00000
1033.64111;2.00000
1033.93713;2.00000
1034.23315;2.00000
1034.52905;2.00000
1034.82483;2.00000
1035.12073;2.00000
1035.41650;2.00000
1035.71216;2.00000
1036.00793;2.00000
1036.30347;2.00000
1036.59912;2.00000
1036.89465;2.00000
1037.19019;2.00000
1037.48560;2.00000
1037.78101;2.00000
1038.07642;2.00000
1038.37170;2.00000
1038.66699;1.00000
1038.96228;1.00000
1039.25745;2.00000
1039.55261;2.00000
1039.84778;1.00000
1040.14282;1.00000
1040.43774;1.00000
1040.73279;1.00000
1041.02771;1.00000
1041.32263;1.00000
1041.61743;1.00000
1041.91223;1.00000
1042.20691;1.00000
1042.50171;1.00000
1042.79626;1.00000
1043.09094;1.00000
1043.38550;1.00000
1043.68005;2.00000
1043.97449;2.00000
1044.26892;2.00000
1044.56335;2.00000
1044.85767;2.00000
1045.15198;2.00000
1045.44629;2.00000
1045.74048;2.00000
1046.03467;1.00000
1046.32874;1.00000
1046.62280;1.00000
1046.91687;1.00000
1047.21082;1.00000
1047.50476;1.00000
1047.79871;1.00000
1048.09253;1.00000
1048.38635;1.00000
1048.68005;2.00000
1048.97388;1.00000
1049.26746;1.00000
1049.56116;1.00000
1049.85474;1.00000
1050.14832;1.00000
1050.44177;1.00000
1050.73523;1.00000
1051.02856;1.00000
1051.32202;1.00000
1051.61536;1.00000
1051.90857;1.00000
1052.20178;1.00000
1052.49500;1.00000
1052.78809;1.00000
1053.08118;1.00000
1053.37427;1.00000
1053.66724;1.00000
1053.96021;1.00000
1054.25317;1.00000
1054.54602;1.00000
1054.83887;1.00000
1055.13159;1.00000
1055.42444;1.00000
1055.71704;1.00000
1056.00977;1.00000
1056.30237;1.00000
1056.59485;1.00000
1056.88745;1.00000
1057.17993;2.00000
1057.47229;2.00000
1057.76465;2.00000
1058.05701;2.00000
1058.34937;1.00000
1058.64160;1.00000
1058.93372;1.00000
1059.22595;1.00000
1059.51807;1.00000
1059.81006;1.00000
1060.10217;1.00000
1060.39417;1.00000
1060.68604;1.00000
1060.97791;1.00000
1061.26978;1.00000
1061.56152;1.00000
1061.85339;1.00000
1062.14502;1.00000
1062.43677;1.00000
1062.72839;1.00000
1063.01990;1.00000
1063.31140;1.00000
1063.60291;1.00000
1063.89441;1.00000
1064.18579;1.00000
1064.47717;2.00000
1064.76843;2.00000
1065.05969;2.00000
1065.35095;1.00000
1065.64209;1.00000
1065.93323;1.00000
1066.22437;2.00000
1066.51538;2.00000
1066.80640;1.00000
1067.09729;1.00000
1067.38818;1.00000
1067.67908;1.00000
1067.96985;1.00000
1068.26062;1.00000
1068.55139;1.00000
1068.84204;1.00000
1069.13269;1.00000
1069.42334;1.00000
1069.71387;1.00000
1070.00439;1.00000
1070.29480;2.00000
1070.58521;2.00000
1070.87561;2.00000
1071.16589;1.00000
1071.45618;1.00000
1071.74646;1.00000
1072.03662;1.00000
1072.32678;1.00000
1072.61694;1.00000
1072.90698;1.00000
1073.19702;1.00000
1073.48694;1.00000
1073.77686;1.00000
1074.06677;1.00000
1074.35657;1.00000
1074.64636;2.00000
1074.93616;2.00000
1075.22583;2.00000
1075.51550;2.00000
1075.80505;2.00000
1076.09473;1.00000
1076.38416;1.00000
1076.67371;1.00000
1076.96313;1.00000
1077.25256;1.00000
1077.54187;1.00000
1077.83118;1.00000
1078.12036;1.00000
1078.40967;1.00000
1078.69873;1.00000
1078.98792;1.00000
1079.27698;1.00000
1079.56604;1.00000
1079.85498;1.00000
1080.14392;1.00000
1080.43286;1.00000
1080.72168;1.00000
1081.01050;1.00000
1081.29932;1.00000
1081.58801;1.00000
1081.87671;1.00000
1082.16528;1.00000
1082.45386;1.00000
1082.74243;1.00000
1083.03088;1.00000
1083.31934;1.00000
1083.60779;1.00000
1083.89612;1.00000
1084.18445;1.00000
1084.47278;1.00000
1084.76099;1.00000
1085.04919;1.00000
1085.33728;1.00000
1085.62537;1.00000
1085.91345;1.00000
1086.20142;1.00000
1086.48938;1.00000
1086.77734;1.00000
1087.06519;1.00000
1087.35303;1.00000
1087.64075;1.00000
1087.92859;1.00000
1088.21619;1.00000
1088.50391;1.00000
1088.79150;1.00000
1089.07898;1.00000
1089.36658;1.00000
1089.65405;1.00000
1089.94141;1.00000
1090.22876;1.00000
1090.51611;1.00000
1090.80347;1.00000
1091.09070;1.00000
1091.37793;1.00000
1091.66504;1.00000
1091.95215;1.00000
1092.23926;1.00000
1092.52625;1.00000
1092.81323;1.00000
1093.10022;1.00000
1093.38708;1.00000
1093.67395;1.00000
1093.96069;1.00000
1094.24744;1.00000
1094.53418;1.00000
1094.82080;1.00000
1095.10742;1.00000
1095.39404;1.00000
1095.68054;1.00000
1095.96704;1.00000
1096.25354;1.00000
1096.53992;1.00000
1096.82629;1.00000
1097.11255;1.00000
1097.39880;1.00000
1097.68506;1.00000
1097.97119;1.00000
1098.25732;1.00000
1098.54346;1.00000
1098.82947;1.00000
1099.11548;1.00000
1099.40137;1.00000
1099.68726;1.00000
1099.97314;1.00000
1100.25903;1.00000
1100.54480;1.00000
1100.83044;1.00000
1101.11621;1.00000
1101.40186;1.00000
1101.68738;1.00000
1101.97290;1.00000
1102.25842;1.00000
1102.54395;1.00000
1102.82935;1.00000
1103.11475;1.00000
1103.40002;1.00000
1103.68530;1.00000
1103.97058;1.00000
1104.25574;1.00000
1104.54089;1.00000
1104.82605;1.00000
1105.11108;1.00000
1105.39612;1.00000
1105.68103;1.00000
1105.96594;1.00000
1106.25085;1.00000
1106.53564;1.00000
1106.82043;1.00000
1107.10522;1.00000
1107.38989;1.00000
1107.67456;0.00000
1107.95923;0.00000
1108.24377;0.00000
1108.52832;0.00000
1108.81274;0.00000
1109.09717;1.00000
1109.38159;1.00000
1109.66589;1.00000
1109.95020;0.00000
1110.23450;0.00000
1110.51868;0.00000
1110.80286;0.00000
1111.08691;0.00000
1111.37109;0.00000
1111.65503;0.00000
1111.93909;1.00000
1112.22302;0.00000
1112.50696;1.00000
1112.79077;1.00000
1113.07458;1.00000
1113.35828;1.00000
1113.64209;1.00000
1113.92566;1.00000
1114.20935;1.00000
1114.49292;1.00000
1114.77649;1.00000
1115.05994;1.00000
1115.34338;1.00000
1115.62683;1.00000
1115.91016;1.00000
1116.19348;1.00000
1116.47681;1.00000
1116.76001;1.00000
1117.04321;1.00000
1117.32629;1.00000
1117.60938;1.00000
1117.89246;1.00000
1118.17542;1.00000
1118.45837;1.00000
1118.74133;1.00000
1119.02417;1.00000
1119.30701;1.00000
1119.58984;1.00000
1119.87256;1.00000
1120.15527;1.00000
1120.43787;1.00000
1120.72046;1.00000
1121.00305;1.00000
1121.28552;1.00000
1121.56799;1.00000
1121.85046;1.00000
1122.13281;1.00000
1122.41516;1.00000
1122.69751;1.00000
1122.97974;1.00000
1123.26196;1.00000
1123.54407;1.00000
1123.82617;1.00000
1124.10828;1.00000
1124.39026;1.00000
1124.67224;1.00000
1124.95422;1.00000
1125.23608;1.00000
1125.51794;1.00000
1125.79968;1.00000
1126.08142;1.00000
1126.36316;1.00000
1126.64478;1.00000
1126.92651;1.00000
1127.20801;1.00000
1127.48950;1.00000
1127.77100;1.00000
1128.05249;1.00000
1128.33386;1.00000
1128.61523;1.00000
1128.89648;1.00000
1129.17786;1.00000
1129.45898;1.00000
1129.74023;1.00000
1130.02136;1.00000
1130.30237;1.00000
1130.58350;1.00000
1130.86450;1.00000
1131.14539;1.00000
1131.42627;1.00000
1131.70715;0.00000
1131.98804;0.00000
1132.26880;1.00000
1132.54944;1.00000
1132.83020;1.00000
1133.11084;1.00000
1133.39136;1.00000
1133.67200;1.00000
1133.95239;1.00000
1134.23291;1.00000
1134.51331;1.00000
1134.79370;1.00000
1135.07397;1.00000
1135.35425;1.00000
1135.63452;1.00000
1135.91467;1.00000
1136.19482;1.00000
1136.47498;1.00000
1136.75500;1.00000
1137.03503;1.00000
1137.31506;1.00000
1137.59497;1.00000
1137.87476;1.00000
1138.15466;1.00000
1138.43445;1.00000
1138.71423;1.00000
1138.99390;1.00000
1139.27356;1.00000
1139.55310;1.00000
1139.83276;1.00000
1140.11218;1.00000
1140.39172;1.00000
1140.67114;1.00000
1140.95056;0.00000
1141.22986;0.00000
1141.50916;1.00000
1141.78845;1.00000
1142.06763;0.00000
1142.34680;0.00000
1142.62585;0.00000
1142.90503;0.00000
1143.18396;0.00000
1143.46301;1.00000
1143.74194;1.00000
1144.02087;1.00000
1144.29968;1.00000
1144.57849;1.00000
1144.85730;1.00000
1145.13599;1.00000
1145.41467;1.00000
1145.69324;1.00000
1145.97192;1.00000
1146.25037;1.00000
1146.52893;1.00000
1146.80737;1.00000
1147.08569;1.00000
1147.36414;1.00000
1147.64246;1.00000
1147.92065;1.00000
1148.19897;1.00000
1148.47705;1.00000
1148.75525;1.00000
1149.03333;1.00000
1149.31140;1.00000
1149.58936;1.00000
1149.86731;1.00000
1150.14526;1.00000
1150.42310;1.00000
1150.70093;1.00000
1150.97876;1.00000
1151.25647;0.00000
1151.53418;0.00000
1151.81177;0.00000
1152.08936;0.00000
1152.36694;0.00000
1152.64453;1.00000
1152.92200;1.00000
1153.19934;1.00000
1153.47681;0.00000
1153.75403;1.00000
1154.03137;1.00000
1154.30859;1.00000
1154.58582;1.00000
1154.86292;1.00000
1155.14014;1.00000
1155.41711;1.00000
1155.69421;1.00000
1155.97119;1.00000
1156.24805;1.00000
1156.52490;1.00000
1156.80176;1.00000
1157.07861;1.00000
1157.35535;1.00000
1157.63208;1.00000
1157.90869;1.00000
1158.18530;1.00000
1158.46191;1.00000
1158.73840;1.00000
1159.01489;0.00000
1159.29138;0.00000
1159.56775;1.00000
1159.84412;1.00000
1160.12048;1.00000
1160.39673;1.00000
1160.67285;1.00000
1160.94910;0.00000
1161.22522;0.00000
1161.50134;0.00000
1161.77734;0.00000
1162.05334;0.00000
1162.32922;1.00000
1162.60522;1.00000
1162.88098;1.00000
1163.15686;1.00000
1163.43262;1.00000
1163.70837;1.00000
1163.98401;0.00000
