506.15976;1.131858125
506.52679;1.144466607
506.8938;1.157099142
507.26074;1.16975305
507.62766;1.182429098
507.99451;1.195124599
508.36133;1.207839977
508.72809;1.220573234
509.09482;1.233324451
509.46152;1.246092672
509.82816;1.258875894
510.19473;1.271672807
510.56128;1.284484196
510.9278;1.297308759
511.29425;1.310144136
511.66068;1.322991121
512.02704;1.335847006
512.39337;1.348712237
512.75964;1.361584806
513.12585;1.374463756
513.49207;1.387350599
513.85822;1.400241565
514.2243;1.413135703
514.59039;1.42603488
514.95636;1.438933566
515.32233;1.45183504
515.68829;1.464738005
516.05414;1.477637987
516.41998;1.490537569
516.78577;1.503434397
517.15149;1.516326824
517.51721;1.529216377
517.88287;1.542100003
518.24847;1.554976765
518.61401;1.56784573
518.97955;1.580708075
519.34503;1.593560758
519.71045;1.606402849
520.07587;1.619235528
520.44122;1.632055413
520.80652;1.644862281
521.17175;1.657654512
521.53699;1.670433989
521.9021;1.683194898
522.26721;1.695940871
522.63232;1.70867099
522.99738;1.721382602
523.3623;1.734071672
523.72729;1.746744597
524.09216;1.759393876
524.45703;1.772022774
524.82184;1.784628315
525.18658;1.797209264
525.55133;1.809767489
525.91595;1.822297286
526.28058;1.834802584
526.6452;1.847281808
527.0097;1.85973032
527.37421;1.872151688
527.73865;1.884542312
528.10309;1.8969037
528.46741;1.909230923
528.83173;1.921527183
529.19604;1.933791276
529.56024;1.946018986
529.92444;1.958213157
530.28857;1.970370598
530.65265;1.982491138
531.01672;1.994575264
531.38068;2.006618828
531.74469;2.018626287
532.10858;2.030591204
532.47247;2.042516706
532.83624;2.054398046
533.20007;2.066240283
533.56378;2.078036741
533.92749;2.089790513
534.29114;2.10149885
534.65472;2.11316064
535.01825;2.124775735
535.38177;2.13634462
535.74524;2.14786523
536.1087;2.159338046
536.47205;2.170759142
536.83539;2.182130896
537.19867;2.193450972
537.56189;2.204718615
537.92511;2.215934921
538.28827;2.22709728
538.65137;2.238204949
539.01447;2.249259016
539.37744;2.260254792
539.74042;2.271195793
540.10339;2.282080668
540.46625;2.292905701
540.8291;2.303673166
541.19189;2.31438086
541.55463;2.325028377
541.91736;2.33561618
542.28003;2.346142108
542.64264;2.356605477
543.00519;2.367005608
543.36774;2.377343533
543.73022;2.387616575
544.09265;2.397824638
544.45508;2.407968457
544.81738;2.418043743
545.17969;2.428053744
545.54199;2.437997235
545.90417;2.447870565
546.26636;2.457676648
546.62848;2.467412678
546.9906;2.477079906
547.3526;2.486674516
547.7146;2.496199086
548.07654;2.505651419
548.43848;2.515032471
548.80029;2.52433829
549.16211;2.533571894
549.52393;2.542732413
549.88562;2.551815992
550.24731;2.560825333
550.60895;2.569758615
550.97052;2.578614791
551.33209;2.587395017
551.6936;2.596097277
552.05505;2.604721041
552.41644;2.613265782
552.77783;2.62173238
553.13916;2.630118897
553.50043;2.638424826
553.86163;2.646649441
554.22284;2.654794049
554.58398;2.662856338
554.94507;2.670836274
555.30615;2.678734247
555.66718;2.686548892
556.02814;2.694279316
556.38904;2.70192528
556.74994;2.709487586
557.11078;2.716964516
557.47156;2.724355632
557.83228;2.731660507
558.19299;2.738879713
558.55365;2.746012014
558.91425;2.753056798
559.27484;2.760014623
559.63531;2.766882975
559.99579;2.773663938
560.35626;2.78035671
560.71661;2.786958878
561.07697;2.793472452
561.43726;2.799895601
561.79755;2.8062292
562.15771;2.81247062
562.51788;2.818621945
562.87799;2.82468162
563.2381;2.830650305
563.59808;2.836525526
563.95807;2.842309257
564.31805;2.848000822
564.67792;2.85359834
565.03778;2.859103075
565.39758;2.864513955
565.75732;2.869830701
566.11707;2.875054049
566.47675;2.880182547
566.83636;2.885215946
567.19592;2.890154273
567.55548;2.894997943
567.91498;2.899745887
568.27441;2.904397745
568.63385;2.908954306
568.99316;2.913413577
569.35248;2.917777087
569.71179;2.922044342
570.07098;2.926213843
570.43018;2.930286907
570.78931;2.93426242
571.14838;2.938140321
571.50745;2.941921068
571.86646;2.945603841
572.2254;2.94918839
572.58429;2.952674765
572.94318;2.956063285
573.302;2.959353135
573.66077;2.962544372
574.01953;2.965637207
574.37817;2.968630584
574.73688;2.971525956
575.09546;2.974321583
575.45398;2.97701795
575.8125;2.979615398
576.17096;2.98211339
576.52942;2.984512249
576.88776;2.986811107
577.24609;2.989010618
577.60437;2.99111046
577.96265;2.993110856
578.32086;2.995011356
578.67902;2.996812037
579.03711;2.998512777
579.39514;3.000113611
579.75317;3.001614773
580.11115;3.003016023
580.46912;3.004317497
580.82697;3.00551881
581.18481;3.006620354
581.5426;3.007622007
581.90033;3.008523767
582.25806;3.0093258
582.61572;3.010027973
582.97333;3.010630377
583.33093;3.011133113
583.68848;3.011536165
584.04596;3.011839583
584.40338;3.012043458
584.76074;3.012147876
585.1181;3.01215292
585.4754;3.012058663
585.8327;3.01186517
586.18988;3.011572618
586.54706;3.011181025
586.90417;3.010690574
587.26129;3.010101259
587.61829;3.009413429
587.97528;3.008627021
588.33228;3.007742092
588.68915;3.006759144
589.04602;3.005677988
589.40283;3.00449895
589.75958;3.003222206
590.11633;3.0018477
590.47302;3.000375826
590.82965;2.998806779
591.18622;2.997140761
591.54279;2.995377673
591.89929;2.993518056
592.25574;2.991562024
592.61212;2.989509913
592.96851;2.98736147
593.32483;2.985117391
593.68109;2.982777861
594.03735;2.980342713
594.39355;2.977812587
594.74969;2.975187747
595.10577;2.97246846
595.46185;2.969654519
595.81781;2.96674715
596.17383;2.963745147
596.52972;2.960650382
596.88562;2.957461936
597.24146;2.954180711
597.59723;2.950807113
597.95294;2.947341364
598.30865;2.943783177
598.66431;2.94013335
599.0199;2.936392421
599.37549;2.93255997
599.73102;2.928636964
600.08649;2.92462375
600.44189;2.920520799
600.7973;2.916327522
601.15265;2.912045085
601.50793;2.90767398
601.86316;2.903214336
602.21838;2.89866601
602.57355;2.894029876
602.92865;2.889306586
603.28375;2.884495587
603.63873;2.879598905
603.99371;2.874615291
604.34869;2.869545112
604.70355;2.864390499
605.05841;2.85915013
605.41321;2.853825295
605.76801;2.848415504
606.12268;2.842923178
606.47736;2.83734659
606.83197;2.831687423
607.18658;2.825944992
607.54114;2.820120538
607.89563;2.814214849
608.25006;2.808228226
608.60443;2.802161138
608.9588;2.796013011
609.31311;2.789785345
609.66742;2.783477546
610.02161;2.777092238
610.37579;2.770627933
610.72992;2.764085836
611.08405;2.757465502
611.43805;2.750769867
611.79205;2.743996986
612.146;2.737148305
612.49994;2.730223547
612.85382;2.723224196
613.20764;2.716150777
613.5614;2.709003819
613.91516;2.701782624
614.2688;2.69449018
614.62244;2.687124551
614.97607;2.679686458
615.32959;2.672178552
615.68311;2.664599047
616.03662;2.65694868
616.39001;2.649230394
616.74341;2.64144191
617.09674;2.63358554
617.45001;2.625661636
617.80322;2.617670772
618.15643;2.609612149
618.50958;2.601487701
618.86273;2.593296614
619.21576;2.58504226
619.56879;2.576722422
619.92175;2.568339331
620.27466;2.559893109
620.62756;2.551383381
620.98041;2.5428117
621.33319;2.534179158
621.68597;2.525484638
622.03864;2.51673146
622.3913;2.507917758
622.74396;2.49904387
623.0965;2.490113438
623.44904;2.481124044
623.80151;2.472078088
624.15393;2.462975684
624.50635;2.453816155
624.8587;2.444601943
625.211;2.43533316
625.56329;2.42600938
625.91547;2.416633889
626.26764;2.40720467
626.61975;2.397723694
626.97186;2.388189982
627.32391;2.378605795
627.6759;2.368971785
628.02783;2.359288607
628.37976;2.349555254
628.73157;2.339775703
629.08337;2.329947559
629.43518;2.320070901
629.78687;2.310150042
630.13855;2.300182546
630.49023;2.290168776
630.8418;2.280112533
631.19336;2.270011627
631.54486;2.259868159
631.8963;2.249682802
632.24768;2.239456235
632.59906;2.229187376
632.95038;2.218878648
633.3017;2.20852896
633.65289;2.198142825
634.00409;2.187716787
634.35522;2.177253894
634.70636;2.166752438
635.05737;2.156217294
635.40839;2.145644946
635.75934;2.135038485
636.11029;2.124396476
636.46118;2.113721421
636.81201;2.103014012
637.16278;2.092274942
637.51349;2.081504903
637.8642;2.070702739
638.21484;2.059871294
638.56549;2.049008785
638.91602;2.038119933
639.26654;2.027202019
639.617;2.016257293
639.96747;2.005284256
640.31781;1.994287992
640.66815;1.983265118
641.01849;1.97221632
641.36871;1.961146083
641.71893;1.950051311
642.06909;1.938934601
642.41919;1.92779665
642.76929;1.916636245
643.11932;1.905456311
643.4693;1.894256911
643.81921;1.883039383
644.16913;1.871801858
644.51898;1.8605476
644.86877;1.849276987
645.21851;1.837990395
645.56824;1.826687228
645.91791;1.815369797
646.26752;1.8040388
646.61713;1.792692986
646.96661;1.781337272
647.3161;1.769967806
647.66559;1.758585602
648.01495;1.747195591
648.36432;1.735793902
648.71362;1.724383838
649.06293;1.712963477
649.41211;1.701538089
649.76129;1.690104112
650.11047;1.678662234
650.45953;1.667217077
650.80859;1.655765395
651.15759;1.644309844
651.50653;1.632851111
651.85547;1.62138791
652.20428;1.609925198
652.55316;1.598457085
652.90192;1.586990497
653.25067;1.575522502
653.5993;1.564057394
653.948;1.552589605
654.29657;1.541126389
654.64514;1.529664148
654.99365;1.518205528
655.3421;1.506751202
655.69049;1.495301843
656.03888;1.483856149
656.38721;1.472416759
656.73553;1.460982701
657.08374;1.44955792
657.43195;1.438139472
657.78009;1.426730313
658.12817;1.415330776
658.47626;1.403939228
658.82428;1.392558945
659.17224;1.381190253
659.5202;1.369831845
659.86804;1.358488289
660.21588;1.347156318
660.56372;1.335836584
660.91144;1.324533635
661.25916;1.313244213
661.60681;1.30197123
661.95441;1.290714675
662.302;1.279473892
662.64954;1.268250809
662.99701;1.257046701
663.34442;1.245861874
663.69183;1.234695023
664.03918;1.223548705
664.38647;1.21242354
664.73376;1.201318226
665.08093;1.190237217
665.4281;1.179177293
665.77527;1.168139075
666.12231;1.157127301
666.46936;1.146138134
666.81635;1.135174397
667.16327;1.124237004
667.51019;1.113324348
667.85706;1.102438602
668.20386;1.091580984
668.55066;1.080749893
668.89734;1.069949663
669.24402;1.059177133
669.59064;1.048434755
669.93726;1.03772125
670.28381;1.02703936
670.63031;1.016389036
670.97675;1.005771153
671.32318;0.995184746
671.66956;0.984631605
672.01587;0.974112895
672.36212;0.963628863
672.70837;0.953178249
673.05457;0.942763119
673.4007;0.932384616
673.74677;0.922042978
674.09283;0.911737253
674.43884;0.901469174
674.78479;0.891239567
675.13074;0.881047194
675.47662;0.870894646
675.82245;0.860781853
676.16821;0.850709916
676.51398;0.840677023
676.85962;0.830687745
677.20532;0.820737102
677.5509;0.810830786
677.89648;0.800965852
678.242;0.791144517
678.58746;0.781367269
678.93286;0.771634591
679.27826;0.761945287
679.6236;0.752301526
679.96887;0.74270406
680.31415;0.733151146
680.65936;0.723645474
681.00452;0.714186954
681.34961;0.704776592
681.6947;0.695412944
682.03973;0.686098098
682.3847;0.6768325
682.72961;0.667616591
683.07452;0.658449219
683.41937;0.649332423
683.76416;0.640266633
684.10895;0.63125071
684.45367;0.622286916
684.79834;0.613375147
685.14294;0.604516334
685.48755;0.59570884
685.83203;0.58695665
686.17651;0.578256857
686.521;0.569609634
686.86542;0.561017396
687.20972;0.552481759
687.55408;0.543998659
687.89832;0.535572923
688.24255;0.52720223
688.58673;0.518887937
688.93085;0.510630654
689.27496;0.502429555
689.61896;0.494287378
689.96301;0.486200706
690.30695;0.47817366
690.65082;0.470205637
690.99469;0.462295366
691.33856;0.454443212
691.68231;0.446652245
692.02606;0.438920072
692.36975;0.431248378
692.71338;0.423637482
693.05695;0.416087694
693.40051;0.408598237
693.74402;0.401170303
694.08746;0.393804621
694.43091;0.386499787
694.77429;0.379257808
695.11761;0.372078756
695.46088;0.364962703
695.80414;0.357909114
696.14734;0.3509193
696.49048;0.343993529
696.83356;0.337132062
697.17664;0.330333973
697.51965;0.323600917
697.86261;0.316932748
698.20557;0.310328759
698.54846;0.303790549
698.8913;0.297317971
699.23407;0.290911634
699.57684;0.284570467
699.91949;0.278296912
700.26221;0.272087725
700.6048;0.265946758
700.94739;0.259871884
701.28992;0.253864386
701.63239;0.247924461
701.97479;0.242052472
702.3172;0.236247252
702.65955;0.230510191
703.00183;0.224841632
703.34412;0.219240442
703.68634;0.213708116
704.0285;0.208244654
704.37061;0.202850059
704.71271;0.197523872
705.05475;0.192267037
705.39673;0.1870797
705.73865;0.181962001
706.08057;0.176913196
706.42242;0.171934466
706.76422;0.167025645
707.10596;0.162187002
707.44769;0.157417963
707.78937;0.152719215
708.13104;0.148090335
708.4726;0.143532782
708.81415;0.139045319
709.15564;0.134628713
709.49707;0.130283052
709.8385;0.126007677
710.17987;0.121803437
710.52118;0.117670408
710.86249;0.113607952
711.20367;0.109617679
711.54486;0.105698014
711.88605;0.101849168
712.22711;0.098072657
712.56818;0.094366978
712.90918;0.090733063
713.25012;0.087170839
713.59106;0.083679733
713.93195;0.080260307
714.27277;0.076912787
714.61353;0.073637092
714.95428;0.070432771
715.29498;0.067300231
715.63562;0.064239573
715.97626;0.061250279
716.31677;0.058333483
716.65729;0.055487981
716.9978;0.052713963
717.3382;0.05001223
717.67859;0.047381966
718.01892;0.04482355
718.35919;0.04233695
718.69946;0.039921714
719.03967;0.037578247
719.37982;0.035306508
719.71991;0.033106448
720.06;0.030977648
720.40002;0.028920503
720.73999;0.026934834
721.07996;0.025020306
721.41986;0.023177259
721.7597;0.021405562
722.09949;0.019705088
722.43927;0.018075575
722.77893;0.01651746
723.11865;0.015029846
723.45825;0.013613445
723.79785;0.012267657
724.13733;0.010992855
724.47687;0.009788274
724.81628;0.008654491
725.1557;0.007590924
725.49506;0.006597692
725.83435;0.005674699
726.17365;0.004821617
726.51282;0.004038666
726.85199;0.003325405
727.19116;0.002681731
727.53021;0.002107728
727.86926;0.001603044
728.20825;0.001167633
728.54724;0.000801281
728.88611;0.000503956
729.22498;0.000275389
729.56384;0.00011545
729.90259;2.4016E-05
730.24133;8.82303E-07
730.58002;4.58899E-05
730.91864;0.000158852
731.25726;0.000339619
731.59583;0.000587994
731.93433;0.000903766
732.27277;0.001286742
732.61121;0.001736805
732.94952;0.002253573
733.2879;0.002837158
733.62616;0.003487039
733.96442;0.004203229
734.30261;0.004985373
734.64075;0.005833291
734.97882;0.006746704
735.31689;0.007725585
735.65491;0.008769573
735.99292;0.009878569
736.33081;0.011051967
736.6687;0.012289936
737.00653;0.013592025
737.34436;0.014958228
737.68207;0.016387804
738.01978;0.017880999
738.35742;0.019437256
738.69507;0.021056692
739.03259;0.022738367
739.37012;0.024482705
739.70764;0.026289357
740.04504;0.028157454
740.38245;0.030087435
740.71979;0.032078571
741.05707;0.034130629
741.39435;0.036243699
741.73157;0.038417124
742.06873;0.040650606
742.40588;0.042944188
742.74292;0.045296883
743.07996;0.047709155
743.41693;0.050180204
743.75391;0.052710319
744.09082;0.055298599
744.42767;0.057944796
744.76447;0.060648671
745.1012;0.063409736
745.43793;0.06622825
745.7746;0.069103396
746.11127;0.072035365
746.44781;0.075022688
746.78436;0.078066267
747.12085;0.081165145
747.45734;0.084319544
747.79376;0.087528473
748.13013;0.090791773
748.46643;0.094108896
748.80267;0.097479584
749.13892;0.100904198
749.4751;0.104381577
749.81122;0.107911459
750.14734;0.111494124
750.4834;0.115128578
750.8194;0.118814452
751.15533;0.122551261
751.49127;0.126339534
751.82715;0.130178122
752.16296;0.134066527
752.49878;0.13800531
752.83447;0.141992443
753.17017;0.146029205
753.50586;0.150114993
753.84143;0.154248075
754.177;0.158429539
754.51251;0.162658254
754.84796;0.166933825
755.18341;0.17125663
755.5188;0.175625509
755.85413;0.180040061
756.18939;0.184499745
756.52466;0.189005235
756.85986;0.193555058
757.19501;0.198149076
757.53015;0.202787439
757.86523;0.20746905
758.20026;0.212193637
758.53522;0.216960501
758.87012;0.221769364
759.20502;0.226620678
759.53986;0.231513165
759.87469;0.236447142
760.20941;0.241420709
760.54413;0.246435077
760.87878;0.251488779
761.21344;0.256582604
761.54803;0.261714915
761.88257;0.266885586
762.21704;0.272093875
762.55145;0.2773395
762.88586;0.282622978
763.22021;0.287942933
763.55457;0.293300051
763.88879;0.298691488
764.22302;0.304119222
764.55719;0.309581683
764.89136;0.31507942
765.2254;0.320609847
765.55945;0.326174837
765.89343;0.33177262
766.22742;0.337404097
766.56134;0.343067481
766.8952;0.348762491
767.229;0.354488674
767.56274;0.360245581
767.89648;0.366033803
768.23016;0.371851854
768.56384;0.377700336
768.8974;0.383576689
769.23096;0.389482573
769.56445;0.3954163
769.89795;0.401378843
770.23132;0.407367242
770.5647;0.413383554
770.89807;0.419426974
771.23132;0.425495049
771.56458;0.431589686
771.89777;0.437708969
772.2309;0.44385262
772.56403;0.450021292
772.89709;0.456213233
773.2301;0.462428352
773.56305;0.468666001
773.896;0.474926849
774.22888;0.481209121
774.56171;0.487512732
774.89447;0.49383684
775.22723;0.500182316
775.55994;0.50654775
775.89258;0.512932296
776.22522;0.519336837
776.55774;0.525758599
776.89032;0.5322006
777.22278;0.538658893
777.55518;0.545134175
777.88757;0.551626961
778.21991;0.558136009
778.55225;0.564661841
778.88452;0.57120262
779.21667;0.577756895
779.54889;0.584327957
779.88098;0.590911389
780.21307;0.597509305
780.5451;0.604120054
780.87708;0.610743374
781.20905;0.617379603
781.54095;0.624027082
781.8728;0.630685751
782.20459;0.637354948
782.53638;0.644035422
782.86804;0.650724094
783.19977;0.65742454
783.53137;0.664132265
783.86298;0.670849642
784.19452;0.677574594
784.526;0.684306865
784.85742;0.691046
785.18884;0.697792763
785.5202;0.70454548
785.85156;0.71130492
786.1828;0.71806818
786.51404;0.724837258
786.84521;0.731610272
787.17633;0.738387177
787.50745;0.745168548
787.8385;0.751952502
788.16949;0.758738794
788.50049;0.765528412
788.83136;0.772318036
789.16223;0.779109886
789.4931;0.78590352
789.82385;0.792696026
790.1546;0.799489428
790.48529;0.806282048
790.81592;0.813073446
791.14655;0.819864414
791.47711;0.826653074
791.80762;0.833439399
792.13806;0.840222541
792.46851;0.847003706
792.79889;0.853780817
793.12921;0.860553645
793.45953;0.867322988
793.78973;0.874085956
794.11993;0.880844577
794.45013;0.887598419
794.78021;0.894344603
795.11029;0.901085155
795.44031;0.907818424
795.77032;0.914545006
796.10022;0.921262441
796.43011;0.927972347
796.75995;0.934673488
797.08978;0.94136626
797.41949;0.948048014
797.74921;0.954720972
798.07892;0.961384312
798.40851;0.9680354
798.7381;0.97467625
799.06763;0.981305241
799.39709;0.987921769
799.72656;0.994527033
800.05597;1.001119223
800.38531;1.007697741
800.7146;1.014262585
801.04388;1.020814154
801.37311;1.027351254
801.70227;1.033873093
802.03137;1.040379478
802.36047;1.046871204
802.68951;1.053346693
803.01849;1.059805561
803.34747;1.066248598
803.67639;1.07267424
804.00525;1.07908211
804.33405;1.085471827
804.66284;1.091843985
804.99158;1.098197428
805.32025;1.104531398
805.64886;1.110845719
805.97748;1.117141361
806.30603;1.123416421
806.63452;1.129670726
806.96301;1.135905052
807.29138;1.142116762
807.61975;1.148307767
807.94812;1.154477702
808.27637;1.160623958
808.60461;1.166748245
808.9328;1.172849461
809.26093;1.178927073
809.58905;1.184981657
809.91711;1.191011944
810.24512;1.197017776
810.57312;1.202999542
810.901;1.2089549
811.22888;1.214885698
811.5567;1.220790513
811.88452;1.22667009
812.21228;1.232523021
812.53998;1.23834898
812.86761;1.244147471
813.19525;1.249919584
813.52283;1.255663759
813.85034;1.261379509
814.1778;1.267066871
814.50525;1.272726223
814.83264;1.278356387
815.15997;1.283957059
815.48724;1.289527938
815.81451;1.295069738
816.14172;1.300581137
816.46887;1.306061842
816.79602;1.311512557
817.12311;1.316931985
817.45013;1.322319676
817.7771;1.327675674
818.10406;1.333000344
818.43097;1.338292749
818.75781;1.343552287
819.08459;1.348778847
819.41138;1.353973267
819.7381;1.359133999
820.06476;1.364260935
820.39142;1.369354745
820.71796;1.374413296
821.04449;1.379438038
821.37103;1.384429003
821.69745;1.389383951
822.02386;1.394304302
822.35022;1.399189197
822.67651;1.404038093
823.00281;1.408851926
823.32904;1.413629267
823.65521;1.418370029
823.98138;1.423074839
824.30743;1.427741736
824.63348;1.432372209
824.95953;1.436966012
825.28546;1.441521233
825.61139;1.446039329
825.93726;1.45051924
826.26306;1.454960616
826.58887;1.459364326
826.91461;1.46372907
827.2403;1.468054909
827.56592;1.472341374
827.89154;1.476589179
828.2171;1.480797331
828.5426;1.484965637
828.8681;1.489094662
829.19348;1.493182694
829.51886;1.497231055
829.84424;1.50123954
830.16949;1.505206368
830.49475;1.50913307
830.81995;1.513018611
831.14508;1.516862704
831.47021;1.520665995
831.79529;1.524427722
832.1203;1.52814749
832.44525;1.531825253
832.7702;1.535461522
833.09509;1.53905546
833.41992;1.542606913
833.74475;1.546116378
834.06952;1.549583049
834.39423;1.553006781
834.71887;1.55638733
835.04346;1.559724769
835.36804;1.56301936
835.69257;1.566270555
836.01709;1.569478613
836.34149;1.572642322
836.66589;1.575762731
836.99023;1.578839128
837.31458;1.581872047
837.63885;1.584860521
837.96307;1.587804716
838.28723;1.590704432
838.61133;1.593559562
838.93542;1.596370434
839.25946;1.599136587
839.5835;1.601858337
839.90741;1.6045345
840.23132;1.607166059
840.55518;1.609752506
840.87903;1.612294062
841.20276;1.614789782
841.52649;1.617240511
841.85016;1.619645706
842.17383;1.622005724
842.49744;1.624320045
842.82098;1.626588529
843.14447;1.628811252
843.4679;1.63098808
843.79132;1.633119278
844.11469;1.635204512
844.43805;1.637243973
844.76129;1.639236917
845.08453;1.641184037
845.40771;1.64308491
845.7309;1.644939891
846.05402;1.646748468
846.37701;1.648510283
846.70007;1.650226379
847.02301;1.651895702
847.34595;1.653518841
847.66882;1.655095407
847.99164;1.656625475
848.31445;1.658109199
848.63721;1.659546366
848.9599;1.66093687
849.28253;1.662280744
849.60516;1.663578215
849.92773;1.664829021
850.25024;1.666033158
850.57269;1.667190625
850.89514;1.668301624
851.21753;1.66936594
851.53986;1.670383578
851.86218;1.671354696
852.18445;1.67227917
852.50665;1.673156959
852.8288;1.673988134
853.15094;1.674772805
853.47302;1.675510861
853.79504;1.676202329
854.117;1.676847235
854.43896;1.677445716
854.76086;1.677997683
855.0827;1.67850317
855.40448;1.678962215
855.72626;1.679374931
856.04797;1.679741263
856.36969;1.680061333
856.69128;1.680335051
857.01288;1.680562588
857.33441;1.680743927
857.65588;1.680879132
857.97736;1.680968277
858.29877;1.681011388
858.62012;1.681008531
858.94141;1.680959774
859.2627;1.680865163
859.58392;1.680724779
859.90509;1.680538687
860.22626;1.68030692
860.54736;1.680029595
860.86841;1.679706777
861.18939;1.679338569
861.51038;1.678924952
861.83124;1.678466196
862.15216;1.677962109
862.47296;1.677413053
862.79376;1.676818919
863.1145;1.676179903
863.43518;1.675496105
863.7558;1.674767628
864.07642;1.673994427
864.39697;1.673176769
864.71747;1.67231471
865.03796;1.671408243
865.3584;1.670457583
865.67877;1.669462905
865.99908;1.668424298
866.3194;1.667341641
866.63959;1.666215531
866.95984;1.665045415
867.27997;1.663832064
867.6001;1.662575153
867.92017;1.661275038
868.24017;1.659931895
868.56012;1.658545776
868.88007;1.657116587
869.19995;1.655644772
869.51978;1.654130382
869.8396;1.652573357
870.15936;1.65097408
870.47906;1.649332697
870.79871;1.647649307
871.11835;1.645923839
871.43793;1.644156707
871.75745;1.642348068
872.0769;1.64049814
872.39636;1.638606607
872.71576;1.636674034
873.0351;1.634700583
873.35443;1.632686103
873.67371;1.630631003
873.99292;1.628535582
874.31207;1.626399948
874.63123;1.624223792
874.95026;1.622008246
875.26935;1.619752157
875.58832;1.617456967
875.90729;1.615121993
876.2262;1.612747846
876.54504;1.610334786
876.86383;1.60788285
877.18262;1.605391828
877.50134;1.602862447
877.82001;1.60029474
878.13867;1.597688568
878.45728;1.595044441
878.77582;1.592362723
879.0943;1.589643529
879.41278;1.586886536
879.73114;1.584092984
880.04956;1.581261487
880.36786;1.57839384
880.68616;1.575489167
881.00439;1.572548306
881.32257;1.569571282
881.64069;1.566558398
881.9588;1.563509384
882.27686;1.560424827
882.59485;1.557305135
882.91284;1.554149832
883.23077;1.55095972
883.54865;1.547734918
883.86646;1.544475848
884.18427;1.541182007
884.50201;1.537854337
884.8197;1.534492853
885.13733;1.531097886
885.45496;1.527669012
885.77252;1.524207208
886.09003;1.520712487
886.40753;1.517184631
886.72498;1.513624308
887.04236;1.510031975
887.35968;1.506407757
887.677;1.502751196
887.99426;1.499063212
888.31146;1.495344043
888.6286;1.49159393
888.94574;1.487812396
889.26282;1.484000389
889.57983;1.480158274
889.89679;1.476286053
890.21375;1.472383352
890.53064;1.46845127
890.84747;1.464489934
891.16431;1.460498706
891.48108;1.456478835
891.79779;1.452430448
892.11444;1.448353794
892.43109;1.444248347
892.74768;1.440115128
893.06421;1.435954393
893.38068;1.431766397
893.69714;1.427550727
894.01355;1.423308166
894.3299;1.419039103
894.64624;1.414743117
894.96246;1.410421961
895.27869;1.406074119
895.59491;1.40170011
895.91101;1.397301721
896.22711;1.392877543
896.54315;1.388428671
896.85919;1.383954519
897.17511;1.379457049
897.49103;1.374934818
897.80688;1.370389088
898.12274;1.365818968
898.43854;1.361225729
898.75427;1.356609786
899.06995;1.351971115
899.38556;1.347310278
899.70117;1.342626505
900.01672;1.337920951
900.33221;1.333193886
900.64771;1.328444523
900.96313;1.323674486
901.2785;1.318883592
901.59381;1.314072265
901.90912;1.309239856
902.22437;1.304387552
902.53955;1.299515782
902.85474;1.294623576
903.16986;1.289712445
903.48492;1.28478251
903.79993;1.279833887
904.11487;1.274867166
904.42981;1.269881514
904.74469;1.264878151
905.05957;1.259856395
905.37433;1.254818437
905.68909;1.249762631
906.00378;1.244690375
906.31848;1.239600651
906.63306;1.234495838
906.94763;1.22937443
907.26221;1.224236369
907.57666;1.219084218
907.89111;1.213916127
908.20551;1.20873319
908.51984;1.203536014
908.83417;1.198323717
909.14844;1.193097567
909.46265;1.187857841
909.77679;1.182604986
910.09094;1.177337939
910.40503;1.172058144
910.71906;1.166765882
911.03302;1.161461599
911.34698;1.156144387
911.66089;1.150815366
911.97473;1.145475154
912.28857;1.140122834
912.60236;1.134759533
912.91608;1.129385869
913.22974;1.12400195
913.5434;1.118607019
913.85699;1.113202554
914.17053;1.107788487
914.48401;1.102365267
914.79749;1.096932129
915.1109;1.09149056
915.42426;1.086040488
915.73755;1.080582537
916.05084;1.07511576
916.36407;1.069641476
916.67725;1.064159784
916.99042;1.058670256
917.30353;1.053174041
917.61658;1.047671411
917.92957;1.04216264
918.24255;1.036647119
918.55548;1.031125823
918.86835;1.025599199
919.18115;1.020067697
919.49396;1.014530169
919.8067;1.008988302
920.11938;1.003442189
920.43207;0.997890855
920.74469;0.992335988
921.05725;0.98677768
921.36975;0.981216197
921.68225;0.975650739
921.99463;0.970083709
922.30707;0.964512165
922.61938;0.958939758
922.9317;0.953364258
923.2439;0.947788248
923.55615;0.942208955
923.86829;0.9366295
924.18042;0.931048359
924.49249;0.925466686
924.8045;0.919884744
925.11652;0.914301539
925.42841;0.908719835
925.74036;0.903136493
926.05219;0.897554991
926.36395;0.891974691
926.67572;0.88639442
926.98743;0.880815684
927.29913;0.875237845
927.61078;0.869661874
927.92236;0.864088381
928.23389;0.858517262
928.54535;0.852949125
928.85681;0.847382972
929.16821;0.841820124
929.47955;0.836260832
929.79089;0.830704272
930.10217;0.825151765
930.41339;0.819603556
930.72455;0.814059892
931.03571;0.808519949
931.3468;0.802985218
931.65784;0.797455586
931.96881;0.791931651
932.27979;0.786412234
932.5907;0.780898996
932.90155;0.775391998
933.2124;0.769890417
933.52319;0.764395554
933.83392;0.758907643
934.14459;0.753426921
934.4552;0.747953621
934.76581;0.74248692
935.07635;0.737028283
935.3869;0.731576538
935.69739;0.726133144
936.00775;0.720699555
936.31818;0.7152725
936.62848;0.709855702
936.93878;0.704447118
937.24902;0.699048019
937.5592;0.693658628
937.86938;0.688278128
938.17944;0.68290882
938.48956;0.677547808
938.79956;0.672198427
939.10956;0.666858821
939.41943;0.661531445
939.72937;0.656213079
940.03918;0.650907371
940.349;0.645612134
940.65875;0.640328951
940.96844;0.63505786
941.27808;0.6297989
941.58771;0.624551601
941.89728;0.619317021
942.20679;0.614095362
942.5163;0.608885821
942.82574;0.60368978
943.13513;0.598507104
943.44446;0.59333816
943.75378;0.588182315
944.06305;0.583040436
944.37225;0.577913051
944.6814;0.572800022
944.99054;0.567700884
945.29962;0.562616657
945.60864;0.557547532
945.91766;0.552492716
946.22662;0.547453383
946.53552;0.54242972
946.84436;0.537421909
947.1532;0.532429167
947.46198;0.52745265
947.77069;0.522492698
948.07935;0.51754917
948.388;0.512621606
948.69659;0.507710985
949.00513;0.502817324
949.3136;0.497941113
949.62207;0.493081422
949.93048;0.488239371
950.23883;0.48341513
950.54718;0.478607931
950.85547;0.473818883
951.1637;0.469048149
951.47186;0.464296047
951.78003;0.459561509
952.08813;0.454845932
952.39618;0.450149166
952.70416;0.445471676
953.01215;0.440812406
953.32007;0.436172727
953.62793;0.43155264
953.93579;0.426951402
954.24353;0.422370956
954.55127;0.417809664
954.85901;0.413267685
955.16663;0.408746934
955.47424;0.404245939
955.7818;0.399765432
956.08936;0.395304833
956.39679;0.390866166
956.70422;0.38644769
957.0116;0.382050267
957.31897;0.377673466
957.62628;0.373318136
957.93353;0.368984409
958.24072;0.364672416
958.54785;0.360382284
958.85498;0.356113309
959.16205;0.351866456
959.46906;0.34764185
959.77606;0.343438929
960.08301;0.339258368
960.38989;0.335100559
960.69672;0.330965349
961.00354;0.32685232
961.3103;0.322762263
961.617;0.318695291
961.92371;0.314650595
962.23035;0.310629346
962.53693;0.306631519
962.84344;0.302657351
963.1499;0.298706688
963.45636;0.294778996
963.76276;0.290875152
964.06915;0.286994626
964.37543;0.283138783
964.6817;0.279306461
964.98792;0.275498263
965.29413;0.271713792
965.60022;0.2679545
965.90631;0.264219002
966.2124;0.260507403
966.51837;0.256821246
966.82434;0.253159169
967.13025;0.249521984
967.4361;0.245909773
967.74194;0.242322032
968.04773;0.238759319
968.35345;0.235221943
968.65912;0.23170975
968.96478;0.228222364
969.27039;0.22476032
969.57593;0.221323917
969.88141;0.217913113
970.18689;0.214527311
970.49231;0.211167254
970.79767;0.207833005
971.10303;0.204523981
971.40833;0.201240901
971.71356;0.197983934
972.01874;0.194752925
972.32391;0.191547515
972.62903;0.188368189
972.93408;0.185215209
973.23907;0.182088523
973.54407;0.178987474
973.849;0.175912933
974.15387;0.172864846
974.45868;0.16984326
974.76349;0.166847633
975.06824;0.163878605
975.37292;0.160936316
975.67761;0.15802004
975.98224;0.155130495
976.2868;0.152267813
976.59131;0.149431841
976.89581;0.146622249
977.20026;0.143839447
977.50464;0.141083649
977.80896;0.138354792
978.11328;0.135652375
978.41754;0.132976965
978.72174;0.130328587
979.02594;0.12770675
979.33008;0.125112002
979.63416;0.122544363
979.93817;0.120003936
980.24219;0.117490076
980.54608;0.11500396
980.85004;0.112543971
981.15387;0.110111751
981.4577;0.107706269
981.76147;0.105328018
982.06519;0.10297693
982.36884;0.100653167
982.67249;0.098356206
982.97607;0.096086587
983.2796;0.093844163
983.58313;0.091628576
983.8866;0.089440271
984.19;0.087279319
984.49335;0.085145573
984.79669;0.083038756
985.09991;0.080959624
985.4032;0.078906878
985.70636;0.076881869
986.00952;0.074883718
986.31262;0.072912817
986.61566;0.070969153
986.91864;0.069052712
987.22162;0.067163107
987.52454;0.065300702
987.82739;0.063465539
988.13025;0.061657123
988.43304;0.059875916
988.73578;0.058121779
989.03845;0.056394803
989.34113;0.054694515
989.64374;0.053021346
989.94629;0.051375211
990.24878;0.049756079
990.55127;0.048163609
990.8537;0.04659809
991.15607;0.045059491
991.45844;0.043547478
991.76074;0.042062372
992.06299;0.040604038
992.36517;0.039172534
992.66736;0.037767448
992.96942;0.036389391
993.27155;0.035037415
993.57355;0.03371238
993.87555;0.032413668
994.17749;0.031141499
994.47937;0.029895826
994.78119;0.0286766
995.08301;0.027483536
995.38477;0.026316828
995.68646;0.02517646
995.98816;0.024062086
996.28979;0.022973952
996.59137;0.02191193
996.89288;0.020876034
997.1944;0.019865938
997.49579;0.018882051
997.79724;0.017923698
998.09857;0.016991397
998.3999;0.016084714
998.70117;0.015203773
999.00238;0.014348507
999.30353;0.01351885
999.60468;0.012714577
999.90576;0.011935812
1000.20685;0.011182285
1000.50781;0.010454275
1000.80878;0.009751372
1001.10968;0.009073697
1001.41052;0.00842115
1001.71136;0.007793535
1002.01215;0.007190886
1002.31287;0.006613167
1002.61359;0.006060171
1002.91418;0.005532055
1003.21478;0.005028492
1003.51538;0.004549433
1003.81586;0.004094987
1004.11633;0.003664902
1004.41675;0.003259157
1004.7171;0.002877693
1005.01746;0.002520329
1005.31775;0.002187079
1005.61798;0.001877843
1005.91815;0.001592529
1006.21832;0.001330998
1006.51843;0.001093216
1006.81848;0.000879091
1007.11847;0.000688529
1007.41846;0.000521404
1007.71838;0.000377665
1008.01825;0.000257207
1008.31812;0.000159919
1008.61792;8.57327E-05
1008.91766;3.4544E-05
1009.21735;6.25251E-06
1009.51703;7.60298E-07
1009.81665;1.7972E-05
1010.11621;5.7785E-05
1010.41571;0.000120095
1010.71521;0.000204818
1011.01465;0.000311838
1011.31403;0.000441048
1011.6134;0.000592369
1011.91272;0.00076568
1012.21198;0.000960867
1012.51117;0.001177813
1012.8103;0.001416414
1013.10944;0.001676623
1013.40851;0.001958266
1013.70758;0.0022613
1014.00653;0.002585492
1014.30548;0.002930857
1014.60443;0.003297293
1014.90326;0.003684538
1015.20209;0.004092632
1015.50085;0.004521367
1015.79956;0.004970655
1016.09821;0.005440363
1016.39685;0.005930456
1016.69543;0.006440738
1016.99402;0.006971215
1017.29248;0.007521518
1017.59094;0.008091764
1017.88934;0.008681722
1018.18774;0.009291394
1018.48602;0.009920412
1018.7843;0.010568904
1019.08252;0.011236621
1019.38074;0.011923579
1019.67889;0.012629496
1019.97699;0.013354291
1020.27502;0.014097791
1020.57306;0.014860071
1020.87097;0.015640648
1021.16888;0.016439731
1021.4668;0.01725723
1021.76459;0.018092632
1022.06238;0.018946171
1022.36011;0.019817549
1022.65784;0.020706816
1022.95551;0.021613667
1023.25311;0.022537938
1023.55066;0.023479559
1023.84814;0.024438334
1024.14563;0.025414393
1024.44312;0.026407579
1024.74048;0.027417324
1025.03784;0.028443933
1025.33508;0.029486858
1025.63232;0.030546383
1025.92957;0.031622419
1026.22668;0.032714286
1026.5238;0.033822398
1026.82092;0.034946591
1027.11792;0.036086273
1027.41492;0.037241766
1027.71179;0.038412427
1028.00867;0.039598669
1028.30554;0.040800282
1028.60229;0.042016682
1028.89905;0.043248262
1029.1958;0.044494809
1029.49243;0.04575572
1029.78906;0.047031364
1030.08569;0.048321611
1030.3822;0.049625796
1030.67871;0.050944307
1030.9751;0.052276469
1031.27161;0.053623227
1031.56787;0.054982759
1031.86426;0.056356665
1032.16052;0.057743606
1032.45667;0.059143527
1032.75293;0.060557331
1033.04907;0.061983785
1033.34509;0.063422739
1033.64111;0.064874633
1033.93713;0.066339331
1034.23315;0.067816697
1034.52905;0.069305988
1034.82483;0.070807053
1035.12073;0.072320973
1035.4165;0.073846333
1035.71216;0.075383083
1036.00793;0.076932229
1036.30347;0.078491847
1036.59912;0.080063586
1036.89465;0.081646085
1037.19019;0.083239897
1037.4856;0.08484412
1037.78101;0.086459317
1038.07642;0.088085348
1038.3717;0.089721352
1038.66699;0.091367961
1038.96228;0.09302498
1039.25745;0.09469159
1039.55261;0.096368268
1039.84778;0.098054988
1040.14282;0.099750804
1040.43774;0.101455624
1040.73279;0.103170752
1041.02771;0.10489454
1041.32263;0.1066276
1041.61743;0.108369083
1041.91223;0.110119554
1042.20691;0.111878154
1042.50171;0.113646176
1042.79626;0.115421257
1043.09094;0.117205541
1043.3855;0.118997377
1043.68005;0.120797288
1043.97449;0.122604519
1044.26892;0.12441954
1044.56335;0.126242272
1044.85767;0.128071891
1045.15198;0.129908875
1045.44629;0.131753147
1045.74048;0.133603811
1046.03467;0.135461478
1046.32874;0.137325248
1046.6228;0.139195675
1046.91687;0.141072746
1047.21082;0.14295549
1047.50476;0.144844469
1047.79871;0.146739672
1048.09253;0.148640055
1048.38635;0.150546316
1048.68005;0.152457536
1048.97388;0.154375204
1049.26746;0.156296697
1049.56116;0.158224297
1049.85474;0.160156291
1050.14832;0.162093329
1050.44177;0.164034411
1050.73523;0.165980325
1051.02856;0.167930002
1051.32202;0.169885034
1051.61536;0.171843619
1051.90857;0.173805548
1052.20178;0.175771554
1052.495;0.177741567
1052.78809;0.179714509
1053.08118;0.181691117
1053.37427;0.183671257
1053.66724;0.18565398
1053.96021;0.187639963
1054.25317;0.189629003
1054.54602;0.191620285
1054.83887;0.193614423
1055.13159;0.195610394
1055.42444;0.19760984
1055.71704;0.199610031
1056.00977;0.201613431
1056.30237;0.203618128
1056.59485;0.205624056
1056.88745;0.20763273
1057.17993;0.20964237
1057.47229;0.211652844
1057.76465;0.213664845
1058.05701;0.215678243
1058.34937;0.217692908
1058.6416;0.219707814
1058.93372;0.221722967
1059.22595;0.223739758
1059.51807;0.225756538
1059.81006;0.227773042
1060.10217;0.229790867
1060.39417;0.231808299
1060.68604;0.23382507
1060.97791;0.235841953
1061.26978;0.237858821
1061.56152;0.239874652
1061.85339;0.241891115
1062.14502;0.24390553
1062.43677;0.245920259
1062.72839;0.247933452
1063.0199;0.249945125
1063.3114;0.251955843
1063.60291;0.253965624
1063.89441;0.255974206
1064.18579;0.257980712
1064.47717;0.259985845
1064.76843;0.261988661
1065.05969;0.263989865
1065.35095;0.265989338
1065.64209;0.267986137
1065.93323;0.269980967
1066.22437;0.271973711
1066.51538;0.27396336
1066.8064;0.275950758
1067.09729;0.277934831
1067.38818;0.279916352
1067.67908;0.281895273
1067.96985;0.283870528
1068.26062;0.285842886
1068.55139;0.287812234
1068.84204;0.289777646
1069.13269;0.291739823
1069.42334;0.293698652
1069.71387;0.295653214
1070.00439;0.297604139
1070.2948;0.299550647
1070.58521;0.301493367
1070.87561;0.303432122
1071.16589;0.305366071
1071.45618;0.307295973
1071.74646;0.309221587
1072.03662;0.311142078
1072.32678;0.313058137
1072.61694;0.314969656
1072.90698;0.316875741
1073.19702;0.318777079
1073.48694;0.320672781
1073.77686;0.32256353
1074.06677;0.324449159
1074.35657;0.326328916
1074.64636;0.328203351
1074.93616;0.330072491
1075.22583;0.331935336
1075.5155;0.333792624
1075.80505;0.33564349
1076.09473;0.337489432
1076.38416;0.339327933
1076.67371;0.34116125
1076.96313;0.342987702
1077.25256;0.34480808
1077.54187;0.346621474
1077.83118;0.348428543
1078.12036;0.350228385
1078.40967;0.352022525
1078.69873;0.353808515
1078.98792;0.355588615
1079.27698;0.357361133
1079.56604;0.359126777
1079.85498;0.36088473
1080.14392;0.362635634
1080.43286;0.364379399
1080.72168;0.366115218
1081.0105;0.367843727
1081.29932;0.369564839
1081.58801;0.371277697
1081.87671;0.37298305
1082.16528;0.374679989
1082.45386;0.376369259
1082.74243;0.378050658
1083.03088;0.379723466
1083.31934;0.381388359
1083.60779;0.383045139
1083.89612;0.384693099
1084.18445;0.386332847
1084.47278;0.387964306
1084.76099;0.38958672
1085.04919;0.391200636
1085.33728;0.392805421
1085.62537;0.394401615
1085.91345;0.395989088
1086.20142;0.397567216
1086.48938;0.39913648
1086.77734;0.400696857
1087.06519;0.402247685
1087.35303;0.403789434
1087.64075;0.405321449
1087.92859;0.406844936
1088.21619;0.408357923
1088.50391;0.409862242
1088.7915;0.411356515
1089.07898;0.412840788
1089.36658;0.414316182
1089.65405;0.415781347
1089.94141;0.417236329
1090.22876;0.418681575
1090.51611;0.420117072
1090.80347;0.421542803
1091.0907;0.422958016
1091.37793;0.424363295
1091.66504;0.425757998
1091.95215;0.427142652
1092.23926;0.428517196
1092.52625;0.429881001
1092.81323;0.431234538
1093.10022;0.432577842
1093.38708;0.433910207
1093.67395;0.435232232
1093.96069;0.436543221
1094.24744;0.437843766
1094.53418;0.439133721
1094.8208;0.440412544
1095.10742;0.441680723
1095.39404;0.442938205
1095.68054;0.444184419
1095.96704;0.445419842
1096.25354;0.446644422
1096.53992;0.447857605
1096.82629;0.449059814
1097.11255;0.450250587
1097.3988;0.4514303
1097.68506;0.452598989
1097.97119;0.453756042
1098.25732;0.454901946
1098.54346;0.456036698
1098.82947;0.457159704
1099.11548;0.458271439
1099.40137;0.459371401
1099.68726;0.460460017
1099.97314;0.461537208
1100.25903;0.462603009
1100.5448;0.463656903
1100.83044;0.464698829
1101.11621;0.465729696
1101.40186;0.466748565
1101.68738;0.467755378
1101.9729;0.468750565
1102.25842;0.469734092
1102.54395;0.470705957
1102.82935;0.471665658
1103.11475;0.472613605
1103.40002;0.473549344
1103.6853;0.474473308
1103.97058;0.475385434
1104.25574;0.476285315
1104.54089;0.477173277
1104.82605;0.478049353
1105.11108;0.478913093
1105.39612;0.4797649
1105.68103;0.480604337
1105.96594;0.48143177
1106.25085;0.482247172
1106.53564;0.483050184
1106.82043;0.483841127
1107.10522;0.484619978
1107.38989;0.485386394
1107.67456;0.486140685
1107.95923;0.486882828
1108.24377;0.487612473
1108.52832;0.488329967
1108.81274;0.489034946
1109.09717;0.489727745
1109.38159;0.490408299
1109.66589;0.491076335
1109.9502;0.491732151
1110.2345;0.492375684
1110.51868;0.493006679
1110.80286;0.493625395
1111.08691;0.494231546
1111.37109;0.494825672
1111.65503;0.495406995
1111.93909;0.495976249
1112.22302;0.496532922
1112.50696;0.497077287
1112.79077;0.497609073
1113.07458;0.498128523
1113.35828;0.498635437
1113.64209;0.499130198
1113.92566;0.499612199
1114.20935;0.500082053
1114.49292;0.500539358
1114.77649;0.500984309
1115.05994;0.501416722
1115.34338;0.501836771
1115.62683;0.502244481
1115.91016;0.50263967
1116.19348;0.5030225
1116.47681;0.503392996
1116.76001;0.503750983
1117.04321;0.504096633
1117.32629;0.50442981
1117.60938;0.504750675
1117.89246;0.505059207
1118.17542;0.505355298
1118.45837;0.505639076
1118.74133;0.505910564
1119.02417;0.506169649
1119.30701;0.506416455
1119.58984;0.50665098
1119.87256;0.506873154
1120.15527;0.507083072
1120.43787;0.507280675
1120.72046;0.507466049
1121.00305;0.507639211
1121.28552;0.507800104
1121.56799;0.507948814
1121.85046;0.508085353
1122.13281;0.508209681
1122.41516;0.508321871
1122.69751;0.508421936
1122.97974;0.508509853
1123.26196;0.50858568
1123.54407;0.508649412
1123.82617;0.508701093
1124.10828;0.508740743
1124.39026;0.508768366
1124.67224;0.508783999
1124.95422;0.50878766
1125.23608;0.508779372
1125.51794;0.508759158
1125.79968;0.508727052
1126.08142;0.508683069
1126.36316;0.508627228
1126.64478;0.50855958
1126.92651;0.508480092
1127.20801;0.508388889
1127.4895;0.508285938
1127.771;0.508171252
1128.05249;0.508044864
1128.33386;0.507906854
1128.61523;0.507757196
1128.89648;0.507595985
1129.17786;0.507423103
1129.45898;0.507238823
1129.74023;0.507042923
1130.02136;0.506835603
1130.30237;0.506616907
1130.5835;0.506386674
1130.8645;0.506145138
1131.14539;0.505892325
1131.42627;0.505628182
1131.70715;0.505352729
1131.98804;0.505065986
1132.2688;0.504768135
1132.54944;0.50445921
1132.8302;0.504138979
1133.11084;0.503807747
1133.39136;0.503465562
1133.672;0.503112163
1133.95239;0.502748058
1134.23291;0.502372793
1134.51331;0.501986738
1134.7937;0.501589783
1135.07397;0.501182126
1135.35425;0.500763621
1135.63452;0.500334333
1135.91467;0.499894475
1136.19482;0.499443902
1136.47498;0.498982635
1136.755;0.498510966
1137.03503;0.498028687
1137.31506;0.497535855
1137.59497;0.497032727
1137.87476;0.496519354
1138.15466;0.495995355
1138.43445;0.495461183
1138.71423;0.494916694
1138.9939;0.494362129
1139.27356;0.493797339
1139.5531;0.493222595
1139.83276;0.492637445
1140.11218;0.492042692
1140.39172;0.491437618
1140.67114;0.490822787
1140.95056;0.490197984
1141.22986;0.489563528
1141.50916;0.488919198
1141.78845;0.488265061
1142.06763;0.487601403
1142.3468;0.486928037
1142.62585;0.486245283
1142.90503;0.485552573
1143.18396;0.484850903
1143.46301;0.484139396
1143.74194;0.483418711
1144.02087;0.48268859
1144.29968;0.481949403
1144.57849;0.481200884
1144.8573;0.480443082
1145.13599;0.479676378
1145.41467;0.478900524
1145.69324;0.478115855
1145.97192;0.477321799
1146.25037;0.476519382
1146.52893;0.475707679
1146.80737;0.474887411
1147.08569;0.474058641
1147.36414;0.473220675
1147.64246;0.472374346
1147.92065;0.471519717
1148.19897;0.470656043
1148.47705;0.469784527
1148.75525;0.468904101
1149.03333;0.468015575
1149.3114;0.467118657
1149.58936;0.466213727
1149.86731;0.46530052
1150.14526;0.464379056
1150.4231;0.463449758
1150.70093;0.462512352
1150.97876;0.461566857
1151.25647;0.460613742
1151.53418;0.459652655
1151.81177;0.458684071
1152.08936;0.457707632
1152.36694;0.456723428
1152.64453;0.455731444
1152.922;0.454732206
1153.19934;0.453725814
1153.47681;0.452711381
1153.75403;0.451690359
1154.03137;0.450661446
1154.30859;0.449625589
1154.58582;0.448582362
1154.86292;0.447532356
1155.14014;0.44647468
1155.41711;0.445410808
1155.69421;0.444339343
1155.97119;0.443261307
1156.24805;0.44217677
1156.5249;0.441085361
1156.80176;0.439987061
1157.07861;0.438882007
1157.35535;0.437770661
1157.63208;0.436652683
1157.90869;0.435528583
1158.1853;0.434397935
1158.46191;0.433260798
1158.7384;0.432117729
1159.01489;0.430968295
1159.29138;0.429812554
1159.56775;0.428651073
1159.84412;0.42748341
1160.12048;0.426309667
1160.39673;0.425130334
1160.67285;0.423945562
1160.9491;0.422754296
1161.22522;0.421557718
1161.50134;0.420355327
1161.77734;0.419147711
1162.05334;0.417934408
1162.32922;0.41671601
1162.60522;0.415491517
1162.88098;0.41426259
1163.15686;0.41302769
1163.43262;0.41178795
1163.70837;0.410542941
1163.98401;0.409293179
